produkt;firma;miasto;region;kwota;jednostka;cytat;warunki;link;data;data odczytu
oklejenie busa (logo+tekst, bestelbus);Reclame Center;Eindhoven;Eindhoven (lokalnie);vanaf €575 / vanaf €975;za pojazd (bestelbus);"Bestelbus: Basis (logo en tekst) 'Vanaf €575'; Compleet (logo, tekst & full colour) 'Vanaf €975'. Strona: 'Ontwerp inclusief', 'Montage op locatie mogelijk', 'Geen voorrijkosten'. Full wrap: 'Prijs op aanvraag'. Strona nie podaje czy kwoty netto czy brutto.";"projekt wliczony; folia 3M/Avery; full wrap tylko na zapytanie; netto/brutto nieustalone";https://reclamecenter.nl/autobelettering/;data nieznana;2026-10-10
oklejenie osobowki (logo+tekst);Reclame Center;Eindhoven;Eindhoven (lokalnie);"vanaf €275 / €425 (osobowka); vanaf €350 / €675 (Caddy)";za pojazd;"Personenauto: Basis (logo en tekst) 'Vanaf €275'; Compleet (logo, tekst & full colour) 'Vanaf €425'. VW Caddy: Basis 'Vanaf €350', Compleet 'Vanaf €675'.";"projekt wliczony; netto/brutto nieustalone; to nie jest pelna zmiana koloru";https://reclamecenter.nl/autobelettering/;data nieznana;2026-10-10
pelne oklejenie busa (full wrap);Nul10 Reclame;Rotterdam;poza regionem (benchmark krajowy);"€2.800-€5.500 (maly bus); €3.500-€6.500 (duzy bus)";za pojazd;"Bestelbus (bijv. Ford Transit Custom): 'Full wrap (enkele kleur): €2.800 – €4.000'; 'Full colour wrap: €3.500 – €5.500'. Grote bus (bijv. Renault Master): 'Full wrap (enkele kleur): €3.500 – €5.000'; 'Full colour wrap: €4.500 – €6.500'.";"produkcja i montaz wg strony w cenie przy przykladzie Rotterdam; netto/brutto nieustalone";https://www.nul10reclame.nl/wat-kost-een-carwrap/;2026-04-13;2026-10-10
pelne oklejenie busa (full wrap);Sign Company;Enkhuizen;poza regionem (benchmark krajowy);"€1.990 - €4.000 (full wrap); €299-€600 (logo+tekst)";za pojazd;'Een full wrap ligt rond €1.990 voor een compacte bestelbus en loopt op tot ongeveer €4.000 voor een grote bedrijfsbus.' Tez: 'Logo + tekst (basis) € 299 tot 600', 'Halve wrap rond € 1.200'. 'Richtprijzen 2026, exclusief btw.';netto (excl. btw), ceny orientacyjne 2026;https://signcompany.nl/kennisbank/autobelettering/bestelbus-beletteren-kosten/;2026-01-01;2026-10-10
pelne oklejenie osobowki (zmiana koloru);Sign Company;Enkhuizen;poza regionem (benchmark krajowy);€2.500 - €3.000;za pojazd;"'Personenauto (full wrap) rond € 2.500'; 'Een full wrap voor een personenauto kost €2.500 tot €3.000'. 'Alle prijzen zijn richtprijzen exclusief btw'.";"netto (excl. btw); ceny orientacyjne 2026";https://signcompany.nl/kennisbank/autobelettering/bedrijfsauto-wrappen-prijs/;2026-01-01;2026-10-10
pelne oklejenie osobowki (zmiana koloru);JDK Wrap & Tint;Zwolle;poza regionem (benchmark krajowy);vanaf €2.250 (hatchback), vanaf €2.500 (sedan/SUV/bestelbus);za pojazd;"'Een complete wrap begint bij €2.250 ex. btw.' 'Hatchback vanaf €2.250 ex. btw; Sedan vanaf €2.500 ex. btw; SUV vanaf €2.500 ex. btw; Bestelbus vanaf €2.500 ex. btw.' Dak wrappen 'vanaf €225', spiegelkappen 'vanaf €120'.";"netto (ex. btw); jednolity kolor, lakier w dobrym stanie; gwarancja montazu 1 rok";https://jdkwrapentint.nl/prijzen-auto-wrappen/;2026-09-25;2026-10-10
pelne oklejenie osobowki (zmiana koloru);WrapBaas (posrednik zapytan ofertowych);Breda / Den Bosch;skraj regionu (Breda ok. 50+ km, Den Bosch ok. 35 km);€1.499 - €3.500+;za pojazd;"'Kleine auto (bijv. Polo, Clio, Yaris): €1.499 – €2.200; Middenklasse (bijv. Golf, Astra, Focus): €1.799 – €2.800; SUV of crossover: €2.200 – €3.200'. 'Deze prijzen zijn inclusief arbeidskosten en een premium folie.'";"praca i folia premium wliczone; netto/brutto nieustalone; to portal laczacy z partnerami, nie wykonawca";https://www.wrapbaas.nl/auto-wrappen-breda/;data nieznana;2026-10-10
litery/napisy na witrynie (folia ciety, wystawa);Sign Company;Enkhuizen;poza regionem (benchmark krajowy);vanaf €75 / €150 / €300;za witryne/zestaw;'Etalage belettering kost vanaf €75 voor eenvoudige tekst of openingstijden, vanaf €150 voor een logo met bedrijfsnaam, en vanaf €300 voor een complete etalage met meerdere elementen.' 'Richtprijzen 2026, exclusief btw.' Raamstickers: 'Gesneden vinyl (logo, tekst) ± € 15/m²'.;"netto (excl. btw); zalezy od rozmiaru szyby";https://signcompany.nl/kennisbank/raamfolie/etalage-belettering-laten-maken/;2026-01-01;2026-10-10
litery/napisy na oknie (folia, cennik za m2);Wielka Reklama (sprzedaz online do NL);Wielun (Polska);poza regionem (konkurent online z Polski);"ca. €6-€21 /m2 (druk); ca. €1,40 /m cietej linii; montaz ca. €42 /h";za m2 / za metr biezacy / za godzine;'Alleen de bedrukte raamfolie kost bij ons ca. € 6 tot € 21 per m² excl. btw'. 'Letters gesneden uit gekleurde folie ... ca. € 1,40 excl. btw per meter [snijlijn]'. 'Montage ... ca. € 42 excl. btw per uur'.;"netto, bez dostawy i montazu; ceny orientacyjne";https://www.wielkareklama.eu/nl/kennisbank/raambelettering-etalage-kosten;2026-10-05;2026-10-10
baner / spandoek PVC;Wielka Reklama (sprzedaz online do NL);Wielun (Polska);poza regionem (konkurent online z Polski);"ok. €39 za 3x1 m; ok. €6-€13 /m2";za m2 / za sztuke;'Een standaard frontlit pvc-spandoek kost bij ons ca. € 6–13 per m² excl. btw.' 'Een spandoek van 3 × 1 m ... gecoat ... komt op ca. € 39 excl. btw, met op maat snijden, gelaste zomen en ringen om de 50 cm inbegrepen.';"netto, bez dostawy i montazu; minimalne zamowienie ok. €24 wg strony";https://www.wielkareklama.eu/nl/kennisbank/spandoek-prijs-per-m2;2026-10-05;2026-10-10
baner / spandoek PVC (sklep online);De Postergigant;nieustalone;poza regionem (sklep online, krajowy);od €7,75;za m2;"'Spandoeken vanaf slechts €7,75 per m²'; Banner 510 / Meshdoek 1 werkdag v.a. €7,75 per m²; 'Prijs: €15,81 excl. btw • Verzendkosten: €8,16 (DHL standaard)' (przyklad standardowego formatu).";"netto; wysylka osobno; min. 0,75 m2 (Banner 510)";https://depostergigant.nl/producten/buitenreclame/spandoeken/spandoek/;2025-03-02;2026-10-10
kurtka robocza z nadrukiem (cena nadruku, wlasna kurtka/softshell);Unishore Workwear;nieustalone;poza regionem (sklep online, krajowy);"€3,95-€5,95 (full color); €19,95 (1 kolor, tekst); setup €15";za pozycje nadruku, bez ceny kurtki;"Transfers: 'Full Color - Logo op borst of mouw € 4,95' (od 1 szt.), '€ 3,95' od 10 szt.; 'Full color - logo op rug € 5,95'; '1 kleur - Tekst of naam op borst of mouw € 19,95'; 'Instelkosten ... eenmalig € 15,00'. (ceny excl. btw)";"excl. btw; od 1 szt.; cena kurtki osobno";https://www.unishoreworkwear.com/collections/werkjas-bedrukken;data nieznana;2026-10-10
kurtka robocza / softshell z nadrukiem;Bedrukt.nl;nieustalone;poza regionem (sklep online, krajowy);kurtka €24,95 + nadruk €7,00 = ok. €31,95 (za 1 szt., 1 pozycja);za sztuke;Softshell Jas '€ 24,95' (kurtka). 'Een bedrukking kost €7,00 incl. btw per positie.' 'Bestellen kan al vanaf 1 stuk, zonder opstartkosten'.;"nadruk incl. btw; status VAT ceny kurtki na stronie nieustalony; suma wyliczona z dwoch cytowanych pozycji";https://www.bedrukt.nl/bedrijfskleding-bedrukken/;data nieznana;2026-10-10
odziez firmowa - nadruk DTF (Eindhoven);Reclame Center;Eindhoven;Eindhoven (lokalnie);vanaf €12,50;za sztuke (nadruk A4), bez ceny odziezy;Bedrijfskleding: 'DTF print of borduurwerk ... Vanaf 1 stuk ... Vanaf €12,50 per stuk ... Exclusief kledingprijs, neem contact op voor info'. Tez: 'DTF print A4 ... Vanaf €12,50 per stuk'.;"bez ceny odziezy; netto/brutto nieustalone";https://reclamecenter.nl/textiel-promotimateriaal/;data nieznana;2026-10-10
litery 3D na elewacje (doosletters);Objekt Reclame;Moordrecht;poza regionem (benchmark krajowy);vanaf €100 (podswietlane) / vanaf €65 (niepodswietlane);za litere;'Letters met verlichting zijn leverbaar vanaf € 100,- per letter, inclusief montage.' 'Letters zonder verlichting vanaf € 65,- per letter, inclusief montage.';"montaz wliczony; netto/brutto nieustalone";https://www.objektreclame.nl/signproducten/bedrijfsreclame/doosletters/;data nieznana;2026-10-10
litery 3D na elewacje (doosletters LED);Sign Company;Enkhuizen;poza regionem (benchmark krajowy);"vanaf €1.500 (zestaw LED); vanaf €400 (frezowane); lichtbak vanaf €800";za zestaw (maatwerk);'Verlichte doosletters (LED) vanaf € 1.500', 'Freesletters (onverlicht) € 400', 'Lichtbak € 800', 'Montage (per monteur, per uur) € 85'. 'Richtprijzen 2026, exclusief btw.';"netto; cena zalezy od liter i wielkosci";https://signcompany.nl/kennisbank/gevelreclame/wat-kost-gevelreclame/;2026-01-01;2026-10-10
pelne oklejenie osobowki (zmiana koloru);One2Wrap;Bergeijk;Eindhoven (ok. 15 km);od €2.195 do €3.395;za pojazd;"Categorie A (Smart, Mini, Aygo, Fiat 500, Citroen C1) 'V.a. € 2.195,00'; Categorie B (Golf 3-drs, Audi A3 3-drs) 'V.a. € 2.295,00'; Categorie C (BMW 3, Mercedes C, Audi A4) 'V.a. € 2.495,00'; Categorie E (Range Rover, Cayenne, Audi Q7) 'V.a. € 2.595,00'. 'Alle genoemde prijzen zijn inclusief btw. De vermelde prijzen zijn starttarieven.'";"brutto (incl. btw); standardowa folia mat/polysk; folie specjalne +15-25%";https://www.one2wrap.nl/carwrapping/tarieven/;data nieznana;2026-10-10
pelne oklejenie busa (full wrap);One2Wrap;Bergeijk;Eindhoven (ok. 15 km);od €2.395 (Caddy) / €2.595 (Transporter) / €3.395 (Sprinter);za pojazd;"Categorie H (Caddy, Combo, Partner) 'V.a. € 2.395,00'; Categorie I (Transporter, Vito, Vivaro) 'V.a. € 2.595,00'; Categorie J (Crafter, Sprinter, Movano) 'V.a. € 3.395,00'. 'Alle genoemde prijzen zijn inclusief btw.'";"brutto (incl. btw); starttarief; standardowa folia";https://www.one2wrap.nl/carwrapping/tarieven/;data nieznana;2026-10-10
