nazwa;miasto;strona;odleglosc od Eindhoven;glowna oferta;podaje ceny;sprzedaz online;wielkosc;mocne strony;luki;uwagi;link;data;data odczytu
Questo reclame b.v.;Veldhoven;https://www.questo.nl;ok. 5 km;"Projekt graficzny, strony www, druk, signing (elewacje, swiatlo, autobelettering/carwrap, bewegwijzering, stoiska targowe, wnetrza). Produkcja wlasna w Veldhoven; montaz w calej NL.";nie (na przejrzanych stronach signing/autobelettering brak cen);"nie (formularz/oferta); ma tez dzial webshop development jako usluge dla klientow";"15 specjalistow wg strony 'Het team'; dziala od 1994, 'meer dan 50.000 opdrachten' (deklaracja firmy)";"Pelny lancuch: projekt + www + produkcja + montaz; 30+ lat; wlasne warsztaty (druk, frezowanie, spawanie); marka Carwrappro by Questo (De Run 8215)";"Brak publicznych cen i sprzedazy online (wniosek z przejrzanych stron); nastawienie na wieksze projekty B2B, maly klient dostaje oferte, nie koszyk";"Strona carwrappro.nl podaje ten sam adres co Questo (Veldhoven); link: https://www.carwrappro.nl/";https://www.questo.nl/over-ons/;data nieznana (strona biezaca, odczyt 2026-10-10);2026-10-10
Piet Hoevenaars Sign Industries / Belettering;Veldhoven;https://piethoevenaarsbelettering.nl;ok. 5 km;"Autobelettering, carwrap, wagenparki (do setek aut), ciezarowki, trailery, belettering budynkow, folie, bouwborden; wlasny dzial druku wielkoformatowego (deklaracja: najwieksza zdolnosc produkcyjna w Beneluksie); druk dla resellerow (banery, folie, plandeki).";nie (na przejrzanej stronie 'Bedrijf' brak cen);"nie ustalono sklepu; dziala jako partner druku dla resellerow (B2B)";"LinkedIn: profil pracownika mowi o 'team van 45 vakmensen'; agregator danych LinkedIn firmy: 20-30 pracownikow, zalozona 1986. Rozbieznosc: przyjmij 20-45.";"30+ lat, ogromna moc druku, studio belettering/carwrap w Veldhoven, wagenpark, ciezarowki; obsluguje tez klientow prywatnych";"Brak cen i brak sklepu online (z przejrzanych stron); to jednoczesnie potencjalny dostawca/podwykonawca druku (patrz partnerzy)";Dane o liczbie pracownikow: https://linkedin.com/in/marieke-hoevenaars-8761aa52 (2026-09-12);https://piethoevenaarsbelettering.nl/bedrijf/;"2015-05-27 (data strony wg wyszukiwarki; tresc moze byc nowsza)";2026-10-10
Brouwers Reklame;Veldhoven;https://www.brouwersreklame.nl;ok. 5 km;"Reklama swietlna (LED i neon), gevelreclame, belettering i signing, autobelettering/wrapping, umowy serwisowe, VCA-ster; projekt, produkcja, montaz. Region Eindhoven-Tilburg-Den Bosch.";"nie (brak cen na przejrzanych stronach; portfolio z klientami)";nie ustalono;"Strona 'Historie': 'ruim 20 medewerkers'; LinkedIn (agregator): 8 profili, zalozona 2001, 25-lecie w maju 2026";Specjalista od swiatla (neon/LED), wlasna hala w Veldhoven, serwis/utrzymanie, rodzinna marka, rekomendacje i dobre portfolio lokalnych klientow;"Brak cen i sklepu; autobelettering to dodatek, nie rdzen; sila w swietle, wiec slabsza w druku wielkoformatowym/odziezy (wniosek)";LinkedIn: https://linkedin.com/company/brouwersreklame;https://www.brouwersreklame.nl/over-ons/historie/;data nieznana (strona biezaca, odczyt 2026-10-10);2026-10-10
Best Image Signing BV;Eindhoven;https://www.bestimage.nl;0 km;"Signing, gevelreclame, lichtreclame, zuilen, neon, lichtbakken, autobelettering, bewegwijzering, full colour print, carwrapping, bouwborden; wlasny park maszynowy (druk UV, frezy), studio DTP.";nie ustalono (brak cen na przejrzanych wpisach);nie ustalono;"LinkedIn firmy: 10 pracownikow (agregator), zalozona 1984; dyrektor Marco Burgering (profil publiczny)";"Od 1984; wlasna produkcja i montaz; duzi klienci (VDL, stadion Philips wg wpisow LinkedIn 2024); szybkie male zlecenia (wg wpisu 2026)";"Brak widocznych cen; skupienie na B2B i lichtreclame; nie ustalono sklepu online";Wpisy: https://linkedin.com/in/andreegelmeers (2026-09-08);https://linkedin.com/company/best-image-bv;2024-04 / 2026-08 (wpisy LinkedIn);2026-10-10
Benelux Sign Systems;Nuenen;https://www.beneluxsign.nl;ok. 8 km;"Lichtreclame i gevelreclame: doosletters, lichtbakken, neon, thin signs, zuilen, spanframes; raambelettering; wlasna produkcja (aluminium, tworzywa, szklo), montaz wlasnymi autami z podnosnikami; klienci w calej NL i Belgii.";nie (strona wprost: cene podaje oferta);nie;"nieustalone (LinkedIn nie sprawdzony); '40 lat' dzialalnosci wg strony";40 lat doswiadczenia, pelna produkcja w Nuenen, sieci handlowe i MSP, zgodnosc z przepisami i pomoc przy pozwoleniach;"Brak cen i brak sklepu; nie oferuje (wg strony) odziezy ani szerokiego druku wielkoformatowego";;https://www.beneluxsign.nl/specialisaties-2-2/lichtreclame-3/;data nieznana (strona biezaca, odczyt 2026-10-10);2026-10-10
Reclame Center;Eindhoven (Willemstraat);https://reclamecenter.nl;0 km;Printshop same-day, druk wielkoformatowy, drukwerk, tekstil/bedrijfskleding (DTF, haft), gevelreclame (doosletters, lichtbakken), raambelettering, autobelettering, strony www, webshop.;TAK: autobelettering od €275 (osobowka basis) do €975 (bestelbus compleet), plakaty A0 €29,50/m2, nadruk DTF od €12,50 (patrz ceny.jsonl);"TAK/czesciowo: ma webshop i oferte same-day; zamowienia na zapytanie";"nieustalone; 'familiebedrijf', 20+ lat wg strony";Najblizszy bezposredni konkurent GW: ten sam miks uslug w Eindhoven, jawne ceny od, same-day, sklep/webshop, wlasciciel rodzinny;"Ceny 'vanaf' bez doprecyzowania netto/brutto; pelny wrap tylko 'prijs op aanvraag'; zdjecia produktow 'volgt binnenkort' (strona w budowie wg tekstu)";To glowny punkt odniesienia cenowego w regionie;https://reclamecenter.nl/autobelettering/;data nieznana (strona biezaca, odczyt 2026-10-10);2026-10-10
Autobelettering Eindhoven (Best);Best;https://www.autobelettering-eindhoven.nl;ok. 12 km;"Autobelettering i carwrap dla osobowych, bestelwagens i busow; konfigurator z szacunkiem ceny; montaz w Best lub u klienta; fleetmarking, beachflags; wspolpraca przy wykladzinach busow.";czesciowo: konfigurator daje 'prijsindicatie' (kwot nie pobrano ze strony statycznej);czesciowo: konfigurator online -> oferta;"nieustalone; tel./adres wspolny z Addit Signmakers (De Dieze 31A, Best) wg obu stron; zwiazek formalny nieustalony";Konfigurator ceny online, projekt gratis, montaz u klienta, szeroki obszar dzialania (Eindhoven, Tilburg, Den Bosch);"Brak statycznych cen na stronie; ograniczony zakres (auta); nie oferuje elewacji/swiatla";;https://www.autobelettering-eindhoven.nl/auto-beletteren-prijzen/;2022-06-10 (strona glowna wg wyszukiwarki);2026-10-10
Addit Signmakers - Carwrap & Signing;Best / Eindhoven;https://www.addit-signmakers.nl;ok. 12 km;"Carwrap, ontchromen, autobelettering, fleetmarking, signing; praca na zlecenie agencji reklamowych ('projecten uitgestippeld door reclamebureaus').";nie ustalono;nie ustalono;"nieustalone; dziala od 2010 wg strony";Wykonawca dla agencji (model podwykonawstwa), specjalizacja wrap + chrome delete, profesjonalny demontaz/montaz elementow;"Ocena 3,8/5 z 16 opinii (mapa danych, 2026-09-14) - nizsza niz konkurenci; brak cen";Ocena: https://exa.ai/library/place/pw5lc6n579z;https://www.addit-signmakers.nl/;2017-10-27 (strona wg wyszukiwarki);2026-10-10
De Beletteraar;Eindhoven (Rapenlandstraat);https://www.debeletteraar.nl;0 km;Belettering, autobelettering, wagenparkbelettering, carwrap, raambelettering, folie okienne (one-way, matowa, sloneczna, bezpieczenstwa), folia do wnetrz.;nie (oferta na zapytanie);nie;jednoosobowo wg tekstu strony ('ik', 'sinds 1999 beletteraar');Fachowiec od folii okiennych i wnetrz, aktywny blog/strona (aktualizacja 2026-09-03), blisko centrum;"Mala skala (1 osoba wg strony), brak cen i sklepu; ogranicza sie do folii";Wagenpark: https://www.debeletteraar.nl/belettering-wagenpark (2025-12-08);https://www.debeletteraar.nl/;2026-09-03 (znacznik aktualizacji strony);2026-10-10
RoyalSign;Eindhoven;https://royalsign.nl;0 km;Belettering, carwrap, raamfolie, wandfolie/interieur, kozijnen i kuchnie wrap, gevelreclame i lichtreclame.;nie (wycena 'vrijblijvende prijsopgave');nie;nieustalone;Szeroki miks: auto + okna + wnetrza + elewacje, wlasny projekt i montaz;Brak cen, brak informacji o zespole, brak sklepu;;https://royalsign.nl/;data nieznana;2026-10-10
Sublyme;Eindhoven;https://sublyme.nl;0 km;Studio graficzne + druk + signing (raambelettering, autobestickering, spandoeken, naklejki, gevelreclame), bedrijfskleding, promogifts.;nie;nie;nieustalone (osobista narracja 'mijn talenten' sugeruje mala firme, nie potwierdzone);"Projekt + druk + signing + odziez w jednym; dobre opinie klientow lokalnych na stronie";"Brak cen i sklepu; brak wielkoformatowej produkcji elewacji; skala nieznana";;https://sublyme.nl/;data nieznana;2026-10-10
SignDirect - ServiceCenter Valkenswaard (JA! Reclame);Valkenswaard;https://signdirect.nl/vestiging/servicecenter-valkenswaard/;ok. 15 km;"Krajowa siec print-sign: autobelettering (pakiety dla osobowki, busa, bakwagen, ciezarowki), raamstickers, spandoeken, vlaggen, borden, drukwerk, XPEL/PPF; lokalny punkt obslugi.";"TAK (sklep z cenami; kwoty nie wyciagniete w tym przebiegu - w sklepie przez konfigurator)";TAK: pelny webshop + 'ServiceCenter' lokalny;"siec; ocena klientow 4,9 wg strony; liczba osob lokalnie nieustalona";Sklep online z cenami i pakietami, skala krajowa, lokalny montaz, SEO lokalne;"Wzorzec masowy: mniejszy kontakt osobisty (wniosek); zakres to print-sign, bez projektu marki/stron";;https://signdirect.nl/vestiging/servicecenter-valkenswaard/;2026-01-28;2026-10-10
ROPAsign / Carwrapmasters.nl;Tilburg (warsztat);https://www.ropasign.nl;ok. 35 km;"Reklama: autobelettering, bestelwagen/ciezarowki, fleetmarking, carwrap, reklamezuilen, lichtreclame, gevelbelettering, vlaggen, ramen tinten, wrapping wnetrz, odziez firmowa, druk; Carwrapmasters: wrap, PPF, chrome delete, tint.";nie;nie ustalono (formularz);"'15+ jaar ervaring'; strona ma podstrone Team (liczba nieustalona)";Pokrywa caly region (strony lokalne Eindhoven/Veldhoven/Best/Helmond), szeroki zakres, wrap wnetrz, odziez;"Warsztat poza Eindhoven (Tilburg); brak cen i sklepu";"Carwrapmasters: https://www.carwrapmasters.nl/eindhoven/ ; oba serwisy maja ten sam kontakt telefoniczny wg stron, wiec prawdopodobnie jedna firma";https://www.ropasign.nl/eindhoven/;2025-09-05;2026-10-10
All-Round Printing B.V.;Valkenswaard;https://www.allround-printing.nl;ok. 15 km;"Drukarnia: sitodruk, tampondruk, druk cyfrowy, naklejki, canvas, transfery, reklama (spandoeken, vlaggen, lichtreclame, belettering), drukwerk; 35+ lat; ISO.";nie;nie;nieustalone;35+ lat, wiele technik druku (takze przemyslowy), mozliwosc belettering do ciezarowki;"Slabo widoczna jako firma reklamowa/wrap; strona prosta, bez cen i sklepu";;https://www.allround-printing.nl/;2020-06-11 (podstrona bedrijfsreclame-eindhoven wg wyszukiwarki);2026-10-10
MotorWrap;Eindhoven (Croy);https://motorwrap.com;0 km;Wrap motocykli i skuterow, carwrap, hele bakwagens, wrapping kuchni/wnetrz.;nie;nie;nieustalone;"Niszowy wrap motocykli; dostosowane limited edition; praca na miejscu klienta";"Brak cen i sklepu; brak szyldow/druku";;https://motorwrap.com/over-ons/;2024-04-08;2026-10-10
One2Wrap;Bergeijk;https://www.one2wrap.nl;ok. 15 km;Car wrapping, tint, chrome delete, wrapping wnetrz (kuchnie, drzwi, schody, biura).;TAK: cennik wprost (osobowka od €2.195 do €3.395 brutto, busy od €2.395);nie (oferta/foto);wlasciciel + nieustalona kadra;"Przejrzysty cennik kategorii pojazdow z VAT; wyraznie lokalna marka; dodatki wnetrz";"Wrap czysto kolorystyczny; brak belettering/szyldow/odziezy";Cennik cytowany w ceny.jsonl;https://www.one2wrap.nl/carwrapping/tarieven/;data nieznana (stopka 2026);2026-10-10
Wrappen040;Eindhoven;https://www.wrappen040.nl;0 km;Wrapping kuchni i wnetrz (meble, kozijnen, biura), 20+ lat, 150+ projektow, 5 lat gwarancji (deklaracje firmy).;nie;nie (formularz/chat);rodzinna firma, wlasciciel Jordy;Specjalizacja interior wrap, gwarancja 5 lat, ocena 5,0 wg strony;Nie dotyczy aut/szyldow/odziezy - konkurent tylko w obszarze folii wnetrz;;https://www.wrappen040.nl/;data nieznana;2026-10-10
ABC Media;Eindhoven (Meerenakkerplein);https://www.abcmedia.nu;0 km;Agencja mediowa i reklamowa: abri, billboardy, reklama na autobusach/tramwajach, lichtmast, plus belettering i lichtreclame, banery, targi, drukwerk, webshop.;nie;czesciowo: zakladka Webshop na stronie;nieustalone;Duze referencje (Gemeente Eindhoven, Jumbo, Volvo, Rabobank, Catharina Ziekenhuis wg strony), zakres mediowy;"Belettering to jedna z wielu dyscyplin; brak cen";Potencjalnie tez partner polecajacy (patrz partnerzy);https://www.abcmedia.nu/media-aanbod/belettering-lichtreclame/;data nieznana;2026-10-10
Promokledinghuis;Veldhoven (showroom) / Eindhoven;https://www.promokledinghuis.nl;ok. 5 km;"Nadruk i haft odziezy firmowej (DTF, nowa Mimaki), bedrijfskleding dla logistyki, produkcji, horeca, opieki, biur; showroom Veldhoven.";"czesciowo: baner 'Vanaf € 500 geen start- en opmaakkosten'; konkretnych cen odziezy nie pobrano";nie ustalono (oferta na zapytanie);nieustalone;Wyspecjalizowana odziez firmowa z showroomem, darmowa proofka, dostawa 3-5 dni, branzowe kolekcje;"Brak szyldow/wrapow; ceny nie jawne w przejrzanych miejscach";Bezposredni konkurent GW w obszarze bedrijfskleding;https://www.promokledinghuis.nl/kleding-bedrukken-eindhoven/;2024-06-06;2026-10-10
JouwTextiel (landing Eindhoven);nieustalone (sprzedaz online, strona lokalna 'Eindhoven');https://jouwtextiel.nl/lokaal/bedrijfskleding-bedrukken-eindhoven;dotyczy online;Nadruk odziezy firmowej od 1 sztuki, wysylka PostNL, kalkulator.;"czesciowo: kalkulator wyceny (staffelprijzen); kwot statycznych nie pobrano";TAK (sklep online);nieustalone;Od 1 sztuki, proofy w kilka dni, produkcja 3-5 dni, sprzedaz online;"Brak fizycznej obecnosci w Eindhoven potwierdzonej na stronie; sprawdz czy to ta sama firma co strona glowna (domena jouwtextiel.nl)";Konkurent online, nie lokalny.;https://jouwtextiel.nl/lokaal/bedrijfskleding-bedrukken-eindhoven;data nieznana;2026-10-10
