nazwa;typ;miasto;strona;dlaczego partner;model wspolpracy;dowod cytat;uwagi;link;data;data odczytu
ECHT marketingcommunicatie;agencja reklamowa/marketingowa;Eindhoven;https://echtmarketingcommunicatie.nl;Oferuje klientom m.in. 'drukwerkbemiddeling' i materialy na targi/eventy, ale nie ma wlasnej produkcji sign/wrap, wiec moze zlecac wykonanie na zewnatrz.;polecenia / podwykonawstwo (druk wielkoformatowy, oklejanie, odziez dla klientow agencji);'ECHT adviseert, creëert en voert uit' ... 'drukwerkbemiddeling' ... 'beurs of event';"Nieustalone, czy agencja ma stalych dostawcow sign; trzeba zapytac (poza zakresem tego zadania - nikogo nie kontaktowano)";https://echtmarketingcommunicatie.nl/;2019-03-09 (data strony wg wyszukiwarki);2026-10-10
RMK Reclame;agencja reklamowa full-service;Eindhoven;https://www.rmkreclame.nl;Uslugi: strategia, www/SEO, drukwerk, wall art, belettering - czyli agencja, ktora moze miec nadmiar zlecen na wielkoformatowe/wrap.;podwykonawstwo wykonawcze (white label) lub polecenia;'full-service reclamebureau' ... 'Drukwerk, Wall Art, Belettering' ... 'bijna 20 jaar ... actief in de regio';"Moze byc rowniez konkurentem w belettering; sprawdzic zakres w praktyce";https://www.rmkreclame.nl/;data nieznana;2026-10-10
PRJCT Agency;studio web/branding;Eindhoven;https://www.prjct.agency;Buduje marki i strony dla MSP (80+ klientow wg strony) - klienci po rebrandingu potrzebuja auta, okien, szyldow, odziezy.;polecenia w obie strony (pakiet 'marka + realizacja fizyczna'), prowizja/ wymiana klientow;'allround creatief bureau in Eindhoven' ... 'Vertrouwd door 80+ ondernemers' ... web, branding, content;"Skala nieznana; wymaga rozmowy";https://www.prjct.agency/;2025-12-28;2026-10-10
iReclam;agencja web/SEO/branding dla MKB;Eindhoven;https://ireclam.nl;"Specjalizuje sie w MKB w Brainport (Eindhoven, Helmond, Veldhoven, Best, Nuenen); strony + branding, brak realizacji fizycznych.";polecenia (klient po nowej stronie/logo -> oklejenie, szyldy);'full-service reclamebureau uit Eindhoven, opgericht in 2020 ... websites, SEO, Google Ads, social media, branding' (ostatnia aktualizacja: marzec 2026);Mlody podmiot (od 2020);https://ireclam.nl/over-ons/;2026-03;2026-10-10
Van Dyck Brown;agencja marketingowa (online + DOOH);Eindhoven;https://vandyckbrown.nl;"Obsluguje marki i rekrutacje; ma w ofercie reklame DOOH, wiec zna klientow z budzetami na widocznosc; fizyczna reklama GW jest uzupelnieniem.";polecenia / wspolne oferty dla klientow;'boutique agency' ... 'DOOH-reclame op een tankstation' ... 'Torenallee 20 Eindhoven';"Ukierunkowanie na wieksze marki; waznosc dla GW nieustalona";https://vandyckbrown.nl/;2025-07-31;2026-10-10
drie digitaal;agencja online marketing/webdev;Eindhoven;https://driedigitaal.nl;"Team od brandingu, marketingu i budowy stron od 2009; klienci z Eindhoven.";polecenia;'online marketingbureau sinds 2009 ... merkpositionering en webontwikkeling';Brak informacji o wspolpracy z firmami sign;https://driedigitaal.nl/online-marketing-bureau-eindhoven/;2024-04-03;2026-10-10
Nibram;agencja marketing/branding/web;Eindhoven (region);https://nibram.com;Full-service online marketing w regionie Eindhoven (branding, UX, webdev).;polecenia;'full service online marketing bureau in Eindhoven ... Branding & Strategie ... Webdevelopment';Skala nieustalona;https://nibram.com/online-marketing/bureau-eindhoven/;2025-08-15;2026-10-10
Youvia (Eindhoven, dawniej Gouden Gids);agencja marketingowa z sieci krajowej;Eindhoven;https://www.youvia.nl/marketingbureau-eindhoven/;"Duza baza MSP (deklaracja '30.000 klientow'); pakiet 'NetSync' dla lokalnych firm; mozliwy kanal polecen.";polecenia / program partnerski (do zbadania);'meer dan 30.000 tevreden klanten door heel Nederland' ... 'vestiging in Succeed offices ... Eindhoven';Duza organizacja, mozliwe formalne ograniczenia partnerstw;https://www.youvia.nl/marketingbureau-eindhoven/;2025-07-04;2026-10-10
WebCreateOnline;studio webdesign/SEO;Eindhoven;https://webcreateonline.nl;MKB z Eindhoven i Brabantu - klienci szukaja widocznosci offline.;polecenia;'MKB-ondernemers in Eindhoven en Noord-Brabant ... Webdesign SEO SEA';Brak danych o rozmiarze;https://webcreateonline.nl/;data nieznana;2026-10-10
Piet Hoevenaars Sign Industries (druk dla resellerow);drukarnia wielkoformatowa / dostawca dla resellerow;Veldhoven;https://piethoevenaarsbelettering.nl;"LinkedIn opisuje ich jako 'reliable large format print partner for resellers and professionals' - banery, folie samoprzylepne, plandeki; moze drukowac, gdy GW brakuje mocy lub formatu.";hurt / podwykonawstwo druku (GW kupuje wydruki, montuje sam);"'large format print partner for resellers and professionals ... banners, self-adhesive folies, panels, displays' (LinkedIn); strona: 'grootste productiecapaciteit van de Benelux'";"Jednoczesnie konkurent w montazu belettering; ryzyko, ze przejmie klienta - ustalic zasady";https://linkedin.com/in/marieke-hoevenaars-8761aa52;2026-09-12;2026-10-10
Best Image Signing BV;producent szyldow/reklamy swietlnej;Eindhoven;https://www.bestimage.nl;"Produkuje lichtreclame, zuilen, lichtbakken, frezowane litery; GW moze podzlecac elementy swietlne i montaze na wysokosci.";podwykonawstwo produkcji szyldow (GW = projekt i kontakt z klientem);'ontwerpen, produceren en monteren van alle soorten binnen- en buitenreclame ... lichtreclame ... zuilen ... neon' (LinkedIn);"Jednoczesnie konkurent na szyldy; zalezy od cennika dla odsprzedaz";https://linkedin.com/company/best-image-bv;2024 / 2026 (wpisy);2026-10-10
Benelux Sign Systems;producent lichtreclame;Nuenen;https://www.beneluxsign.nl;"Pelna wlasna produkcja (aluminium, tworzywa, szklo), montaz z hoogwerkers; obsluguje 'zowel grote retailketens als kleine zelfstandige ondernemers'.";podwykonawstwo produkcji i montazu szyldow swietlnych;'De volledige productie wordt in eigen beheer uitgevoerd' ... 'gevestigd in Nuenen';"Brak jawnych cen; wymaga oferty";https://www.beneluxsign.nl/;2015-07-12 (data strony wg wyszukiwarki);2026-10-10
Brouwers Reklame;producent lichtreclame (LED/neon);Veldhoven;https://www.brouwersreklame.nl;"Specjalista od swiatla (neon/LED) z wlasna hala; GW moze oferowac klientom neon bez inwestycji w produkcje.";podwykonawstwo (produkcja LED/neon), polecenia w obie strony;'ontwerpt, produceert en monteert je gevelreclame ... LED ... neon ... werkt voor de regio Eindhoven - Tilburg - Den Bosch';Konkurent w autobelettering i signing;https://www.brouwersreklame.nl/;data nieznana;2026-10-10
Addit Signmakers;wykonawca wrap/signing dla agencji;Best / Eindhoven;https://www.addit-signmakers.nl;"Strona mowi, ze realizuja projekty 'uitgestippeld door reclamebureaus' - model podwykonawstwa; mozliwe przejecie zlecen lub partnerstwo montazowe.";podwykonawstwo montazu/wrap (obie strony);'Het in praktijk brengen van door reclamebureaus uitgestippelde projecten is waar wij ons visitekaartje achterlaten';Ocena 3,8/5 na mapie (16 opinii) - sprawdzic jakosc przed polecaniem;https://www.addit-signmakers.nl/;2017-10-27;2026-10-10
All-Round Printing B.V.;drukarnia specjalistyczna (sitodruk, tampondruk, transfery);Valkenswaard;https://www.allround-printing.nl;"Druk na trudnych podlozach, aluminium, tworzywa, transfery na odziez i gadzety; uzupelnia druk cyfrowy GW.";podwykonawstwo specjalnych technik (sitodruk, transfery);'Wij beletteren en bedrukken écht alles' ... 'zeefdruk, tampondruk, dry-offset, digitaal printwerk ... transfers';Jednoczesnie lokalny konkurent w belettering;https://www.allround-printing.nl/;2020-06-11;2026-10-10
SignWarehouse (DMWS);hurtownia folii B2B;Assendelft;https://www.signwarehouse.nl;"'Gecertificeerd B2B-distributiekanaal' ORAFOL/Oracal, 3M, Avery, KPMF; sprzedaz na metry biezace i rolki, wysylka tego samego dnia z Assendelft.";dostawca hurtowy (zakup materialow);'Dé groothandel voor carwrap folie ... 3M, Avery Dennison en Oracal gewoon per strekkende meter ... voor 16:00 besteld = direct ... verwerkt';"Poza 50 km, ale dostawa krajowa; sprawdzic ceny hurtowe po rejestracji (nie wykonywano)";https://www.signwarehouse.nl/folie/carwrap-folie-kopen/;data nieznana;2026-10-10
Nautasign BV;hurtownia materialow signingowych;Ede;https://www.nautasign.com;Szeroki asortyment folii ciętych i tasm montazowych (Orafol, 3M, RTape, TransferRite) - baza dla szyldow i okleinn.;dostawca hurtowy;'snijfolies en applicatietapes van onder andere de merken Orafol, 3M, RTape en TransferRite';"Poza 50 km (Ede); dostawa krajowa";https://www.nautasign.com/snijfolie;data nieznana;2026-10-10
VINK VTS (Metamark);dystrybutor folii i materialow;Wormerveer;https://vinkvts.nl/metamark;"Dystrybutor marki Metamark - tansza alternatywa dla Oracal/Orajet; wrap, folie drukarskie, snijne; zakup z magazynu przez webshop.";dostawca hurtowy;'Alle Metamark producten zijn direct uit voorraad leverbaar en te bestellen via onze webshop';"Poza 50 km; jakosc vs cena do przetestowania";https://vinkvts.nl/metamark;data nieznana;2026-10-10
Snelwrapfolie.nl;sklep/hurt folii wrapowych;Goes;https://www.snelwrapfolie.nl;"Wiele marek (3M, Hexis, Avery, Oracal, KPMF...), dodatkowo narzedzia i doradztwo; mozliwosc szybkiego uzupelnienia stanu.";dostawca (zakup materialow, narzedzi);'dé one-stop-shop ... 3M, Hexis, Avery, Oracal, Omega Skinz, Mactac, KPMF ... Teckwrap' ... 'als je besluit het wrappen uit te besteden, zijn onze professionals beschikbaar';"Poza 50 km; ma wlasnych wykonawcow, wiec moze byc tez konkurentem";https://www.snelwrapfolie.nl/;data nieznana;2026-10-10
Velkro Textiles;hurtownia odziezy roboczej B2B;nieustalone;https://www.velkrotextiles.com;'Schakel tussen de producenten van werkkleding ... en de dealers in Nederland en België' - GW jako dealer moze kupowac odziez robocza (FHB, Alsico, Storm no-label) pod nadruk.;hurt (zakup odziezy, GW jako dealer/wykonawca nadruku);'commerciële B2B verkoop organisatie ... dealers in Nederland en België' ... 'NO LABEL ... Private Label bij minimale afname van 10 stuks';"Warunki dealerskie nieustalone; miasto nieustalone";https://www.velkrotextiles.com/;2026-05-04;2026-10-10
Yipp & Co Textiles;dostawca odziezy firmowej (showroom);Veldhoven;https://yippencotextiles.com;"Regionalny dostawca marek (Nimbus, Tenson, Santino, Dassy, Projob...); sprzedaje odziez z haftem/nadrukiem; mozliwy partner (odziez od nich, nadruk GW na duze serie) lub konkurent.";hurt/wspolna realizacja (odziez + nadruk) lub polecenia;'Sinds 2008 ... Regio Brainport Eindhoven ... Showroom in Veldhoven' ... marki: Nimbus, Cutter & Buck, Santino, Dassy, Projob;"Sam oferuje nadruk i haft - konkurent; ustalic role";https://yippencotextiles.com/bedrijfskleding-veldhoven/;2024-06-18;2026-10-10
Vespo Groep;hurtownia tekstyliow (wlasc. m.in. werkkleding);Eindhoven;https://www.vespo.nl;Duza firma tekstylna z Eindhoven (LinkedIn: 76 osob, zal. 1960) z tagiem 'workwear/werkkledij' - mozliwe zrodlo blanku tekstylnego.;hurt (zakup tekstyliow) - do zweryfikowania, czy sprzedaje blanki firmom;LinkedIn: 'textile company that specializes in home textiles and workwear ... 76 people ... Headquartered in Eindhoven';"Glowny profil to tekstylia domowe; oferta dla drukarzy nieustalona";https://linkedin.com/company/vespo-groep;data nieznana;2026-10-10
Wordans Nederland;hurt blankow tekstylnych online;nieustalone (sklep online);https://www.wordans.nl;"180+ marek, 15 459 artykulow, blanki bez metki - baza do nadruku T-shirtow, polo, kurtek; sprzedaz przez internet bez negocjacji.";hurt online (zakup blankow);'meer dan 180 merken en 15459 artikelen ... bulk ... ook kleding zonder label ... ideaal voor wederverkoop';Jakosc robocza ograniczona (ofer. gl. promocyjna);https://www.wordans.nl/;data nieznana;2026-10-10
Textiel Builders;hurt blankow z mozliwoscia nadruku;nieustalone;https://www.textielbuilders.nl;"Hurt z private label i DTF/flex/haft; moze byc dostawca blankow lub partnerem do duzych serii.";hurt;'Groothandel kleding inkopen met Bedrukking ... DTF, Flexfolie ...' (blog);Jednoczesnie oferuje nadruk - konkurent;https://www.textielbuilders.nl/groothandel-kleding-inkopen/;2025-05-26;2026-10-10
