Firma;Miasto;Werdykt reklamy;Strona WWW;Typ sygnału;Opis;Data;Link;Pewność;Uwagi
't Menneke;Eersel;OKAZJA;https://menneke.nl;zmiana_wlasciciela;"Restauracja 't Menneke przekazana nowemu właścicielowi (Sebastiaan); nowa karta, pierwszy dzień 5.09.2026; dotychczasowy kierownik zostaje";2026-09-02;https://menneke.nl/2026/09/02/een-nieuw-menneke/;wysoka;Ewentualny rebranding pod nowym właścicielem prawdopodobny (nowa karta), ale niepotwierdzony.
't Streeckhuys;Helmond;JUŻ MAJĄ;https://www.streeckhuys.nl/;inne;Odnowiony sklep Streeckhuys Asten otwarty ponownie po remoncie (11 września 2026);2026-09-11;https://www.foodbevg.com/NL/Deurne/412116905615533/T-Streeckhuys;wysoka;Źródło to agregator postów z Facebooka firmy (dowód zastępczy, nie oryginał). Sieć remontuje kolejno sklepy - potencjał grafiki okiennej/szyldów.
't Streeckhuys;Helmond;JUŻ MAJĄ;https://www.streeckhuys.nl/;inne;"Sklep Helmond-Brouwhuis (Brouwhorst 19) po remoncie: nowa pui (front), nowy sufit; ponowne otwarcie w piątek 9 października 2026";2026-10-05;https://www.foodbevg.com/NL/Deurne/412116905615533/T-Streeckhuys;wysoka;Źródło to agregator postów z Facebooka firmy (dowód zastępczy, nie oryginał). Sieć remontuje kolejno sklepy - potencjał grafiki okiennej/szyldów.
't Streeckhuys;Helmond;JUŻ MAJĄ;https://www.streeckhuys.nl/;rekrutacja;Rekrutacja: sprzedawca/sprzedawczyni w Deurne i Asten (m.in. z uwagi na wzrost ruchu po remoncie);2026-09-23;https://www.foodbevg.com/NL/Deurne/412116905615533/T-Streeckhuys;średnia;Źródło to agregator postów z Facebooka firmy (dowód zastępczy, nie oryginał). Sieć remontuje kolejno sklepy - potencjał grafiki okiennej/szyldów.
AutoCentrum Raaijmakers;Son en Breugel;OPCJA ROZSZERZENIA;https://www.acrauto.nl;inne;"Artykuł sponsorowany/lokalny o firmie (2 lokalizacje, 300+ aut) w lokalnej gazecie; podcast firmowy 'Op de Achterbank' (od 2025-11)";2025-10-07;https://www.mooirooi.nl/nieuws/zakelijk/72933/occasion-kopen-ontdek-autocentrum-raaijmakers-in-son-en-breugel;niska;"Nowa lokalizacja w Breugel (przejęcie Nordic Auto, otwarcie 2025-04-17: https://www.mooisonenbreugel.nl/nieuws/algemeen/40071/autocentrum-raaijmakers-opent-vernieuwde-locatie-met-paasshow) - poza oknem, ale świeże; sprawdzić czy oznakowanie Breugel jest kompletne. Strona ma zakładkę vacature bez daty."
Beerens;Best;OPCJA ROZSZERZENIA;https://www.beerensslagerijentraiteur.nl;inne;"Otwarcie po pełnej przebudowie: ""Slagerij van de Toekomst"" (nowe technologie chłodnicze)";2025-10-21;https://beerensslagerijentraiteur.nl/onze-slagerij-van-de-toekomst-is-geopend/;wysoka;"Wpis 2025-10-21 mieści się tuż w oknie. Rekrutacja: wpis ""Wij zijn op zoek naar jou"" 2026-04-07 (https://beerensslagerijentraiteur.nl/wij-zijn-op-zoek-naar-jou/), treść niesprawdzona."
Beerens;Best;OPCJA ROZSZERZENIA;https://www.beerensslagerijentraiteur.nl;inne;Wpis o przebudowie sklepu i nowej technice chłodniczej;2025-10-21;https://beerensslagerijentraiteur.nl/beerens-slagerij-en-traiteur-volledig-verbouwd-twan-kiest-voor-de-allernieuwste-koudetechnieken/;wysoka;"Wpis 2025-10-21 mieści się tuż w oknie. Rekrutacja: wpis ""Wij zijn op zoek naar jou"" 2026-04-07 (https://beerensslagerijentraiteur.nl/wij-zijn-op-zoek-naar-jou/), treść niesprawdzona."
Berry Bikes;Valkenswaard;JUŻ MAJĄ;https://berrybikes.nl;inne;"20-lecie firmy (artykul sponsorowany/lokalny w HAC Weekblad); ambicja kolejnych 20 lat, brak zapowiedzi zmian wizerunku";2026-07-12;https://www.hacweekblad.eu/2026/07/12/berry-bikes-viert-20-jaar-fietsen-service-en-vertrouwen/;srednia;Jubileusz 20-lecia (artykul HAC Weekblad 2026-07-12, https://www.hacweekblad.eu/2026/07/12/berry-bikes-viert-20-jaar-fietsen-service-en-vertrouwen/) - wydarzenie/rocznica, zamieszczam jako slaby sygnal 'inne' ponizej. Zmiana wlasciciela (Michiel van Osch) w 2023 - poza oknem.
Bestronics;Veldhoven;OPCJA ROZSZERZENIA;https://www.bestronics.nl;zmiana_wlasciciela;"Upadłość Bestronics i restart (doorstart) przez braci Van Limpt: 51 z 70 pracowników przejętych; plany nowego działu rozwojowego i ekspansji";2025-10-30;https://www.ed.nl/regionale-economie/oprichters-redden-veldhovens-elektronicabedrijf-het-is-slopend~aad33288/;wysoka;Restart po upadłości = nowy podmiot/świeży start, możliwa potrzeba nowej odzieży/brandingu. Przeniesienie linii prototypowej do Veldhoven (2025-08-05) poza oknem. Biuro ED za paywallem - data z metadanych.
Bestronics;Veldhoven;OPCJA ROZSZERZENIA;https://www.bestronics.nl;rekrutacja;Rekrutacja: medewerker logistiek (post firmowy);2026-05-13;https://www.bestronics.nl/careers/logistiek-medewerker/;średnia;Restart po upadłości = nowy podmiot/świeży start, możliwa potrzeba nowej odzieży/brandingu. Przeniesienie linii prototypowej do Veldhoven (2025-08-05) poza oknem. Biuro ED za paywallem - data z metadanych.
Blitz Kapper;Someren;OKAZJA;http://www.blitz-kapper.nl/;przeprowadzka;"Salon przeniesiony pod nowy adres (Someren-Eind) od 2.09.2026; informacja na stronie głównej, bez osobnego datowanego wpisu";2026-09-02;http://www.blitz-kapper.nl/;średnia;"Nie ma osobnego wpisu z datą publikacji; data wynika z komunikatu ""verhuisd vanaf 2 september 2026"". Adres w komunikacie (Someren-Eind) - nie zapisano numeru telefonu."
Bouwbedrijf van Rooij & Zn. B.V.;;OPCJA ROZSZERZENIA;https://bouwbedrijfvanrooij.nl/;rebranding;Od 2026 nowa nazwa 'Bouwbedrijf Van Rooij & Zn.', nowe logo i nowa identyfikacja (post swiateczny firmy);2025-12-24;https://www.linkedin.com/posts/bouwbedrijfvanrooij_wij-wensen-iedereen-fijne-feestdagen-activity-7409645370886180864-z6Ji;wysoka;Dobry kandydat do odziezy roboczej z nowym logo / oklejenia aut w nowej identyfikacji. Strona ma tez oferty pracy (timmerman, stagiaire) bez dat. Nowe projekty (Eindhoven boerderij 2026-05-20) sa tylko tlem.
Bouwbedrijf van Rooij & Zn. B.V.;;OPCJA ROZSZERZENIA;https://bouwbedrijfvanrooij.nl/;zmiana_wlasciciela;"Stan van Rooij wspolwlascicielem od stycznia 2026; firma prowadzona przez ojca i syna (Johnny i Stan)";2026-01;https://linkedin.com/in/stan-van-rooij-091484158;srednia;Dobry kandydat do odziezy roboczej z nowym logo / oklejenia aut w nowej identyfikacji. Strona ma tez oferty pracy (timmerman, stagiaire) bez dat. Nowe projekty (Eindhoven boerderij 2026-05-20) sa tylko tlem.
CDC Tandzorg;Best;JUŻ MAJĄ;https://www.cdctandzorg.nl/;rebranding;"Klinika w Best wraca do dawnej nazwy 'CDC complete tandzorg' od 1 października 2025; ponowne otwarcie kliniki (De Rijn 1, Best) 3 października 2025";2025-10-01;https://cdctandzorg.nl/nieuws/tandheelkundige-kliniek-in-best-keert-terug-naar-vertrouwde-naam-cdc-complete-tandzorg/;wysoka;Rebranding dotyczy zmiany nazwy - warto sprawdzić, czy szyldy/witryny zostały zaktualizowane (wpis opublikowany 2025-09-02, data zmiany 2025-10-01).
CDC Tandzorg;Best;JUŻ MAJĄ;https://www.cdctandzorg.nl/;inne;Dzień informacyjny CDC complete tandzorg 8 kwietnia 2026 (wpis z 2026-03-25);2026-03-25;https://cdctandzorg.nl/nieuws/woensdag-8-april-a-s-informatiedag-u-bent-van-harte-welkom/;średnia;Rebranding dotyczy zmiany nazwy - warto sprawdzić, czy szyldy/witryny zostały zaktualizowane (wpis opublikowany 2025-09-02, data zmiany 2025-10-01).
Clean Masters BV;Eindhoven;OPCJA ROZSZERZENIA;https://cleanmasterseindhoven.nl/;inne;"Firma oficjalnie zostala BV; 30+ klientow, 15+ pracownikow, plany rozszerzenia uslug";2026-09-21;https://nl.linkedin.com/posts/cleanmasterseindhoven_wij-zijn-officieel-een-bv-na-heel-activity-7507697598997106688-QzdU;wysoka;Silny sygnal wzrostu - odziez robocza dla powiekszajacego sie zespolu (15+ osob). Strona kandydowa: https://www.cleanmasterseindhoven.nl/vacatures (bez daty).
Clean Masters BV;Eindhoven;OPCJA ROZSZERZENIA;https://cleanmasterseindhoven.nl/;zmiana_wlasciciela;Firma szuka przejecia malej/sredniej firmy sprzatajacej w Brabancji (zapowiedz akwizycji);2026-06-15;https://nl.linkedin.com/posts/cleanmasterseindhoven_schoonmaakbedrijf-ter-overname-gevraagd-activity-7472213570085191680-u12v;srednia;Silny sygnal wzrostu - odziez robocza dla powiekszajacego sie zespolu (15+ osob). Strona kandydowa: https://www.cleanmasterseindhoven.nl/vacatures (bez daty).
Clean Masters BV;Eindhoven;OPCJA ROZSZERZENIA;https://cleanmasterseindhoven.nl/;rekrutacja;"Rekrutacja glazenwassera/ZZP z powodu wzrostu; stale nabory sprzataczy (strona vacatures)";2026-06-05;https://nl.linkedin.com/posts/cleanmasterseindhoven_wij-zoeken-een-glazenwasser-en-of-zzper-activity-7468629174333800450-2oLX;srednia;Silny sygnal wzrostu - odziez robocza dla powiekszajacego sie zespolu (15+ osob). Strona kandydowa: https://www.cleanmasterseindhoven.nl/vacatures (bez daty).
Clean Masters BV;Eindhoven;OPCJA ROZSZERZENIA;https://cleanmasterseindhoven.nl/;inne;Dwoje nowych koordynatorow operacyjnych (wzrost zespolu);2026-09-23;https://nl.linkedin.com/posts/cleanmasterseindhoven_onze-twee-toppers-gaan-het-management-helpen-activity-7508434801167679488-XqAd;srednia;Silny sygnal wzrostu - odziez robocza dla powiekszajacego sie zespolu (15+ osob). Strona kandydowa: https://www.cleanmasterseindhoven.nl/vacatures (bez daty).
Dambacher Transport Services;Eindhoven;JUŻ MAJĄ;https://dambacher.nu/;rekrutacja;Seria ogloszen: kierowcy B (kurierzy) 04.06.2026, pracownik administracji 12.05.2026, kierowcy C-E (Eindhoven) 10.03.2026;2026-06-04;https://www.transport10.com/NL/Eindhoven/157849287711920/Dambacher-Transport-Services-B.V.;srednia;Link to agregator kopiujacy posty FB firmy (daty widoczne). Nowe pojazdy na dambacher.nu (DAF XF, MB Sprinter) maja daty 2023-06 - poza oknem.
Dambacher Transport Services;Eindhoven;JUŻ MAJĄ;https://dambacher.nu/;inne;Udzial w Eindhoven Pride z oklejonym pojazdem 'auto opbouwen' razem z NEOS Eindhoven;2026-06-13;https://www.transport10.com/NL/Eindhoven/157849287711920/Dambacher-Transport-Services-B.V.;niska;Link to agregator kopiujacy posty FB firmy (daty widoczne). Nowe pojazdy na dambacher.nu (DAF XF, MB Sprinter) maja daty 2023-06 - poza oknem.
De Groot installaties;Neerkant;OPCJA ROZSZERZENIA;https://degrootinstallaties.nl/;rebranding;Nowe logo i nowa stylistyka firmy oraz nowe elektryczne busy firmowe ('nowe busy w drodze, w nowej szacie graficznej') - wpis na stronie firmy. Data publikacji niewidoczna, ale to najnowszy wpis na liście nieuws (nad nim komunikat o zamknięciu 21.12.2026-3.01.2027, wpis dodany przed 10.10.2026 wg stanu strony);2026;https://www.degrootinstallaties.nl/artikel/de-groot-installaties-krijgt-een-nieuwe-uitstaling-;średnia;"Bardzo mocny sygnał (rebranding + nowa flota), ale dokładna data nieustalona (strona nie pokazuje dat; wpis jest w liście nieuws wraz z wpisem o 2026/27). Wysoki priorytet do weryfikacji, czy busy już oklejone."
Evers & Evers glas;Helmond;OPCJA ROZSZERZENIA;https://eversenevers.nl/;rebranding;"Zmiana nazwy Evers & Evers Glas na Martin Glas Helmond od 1.09.2025 (po przejeciu przez Martin Glas); nowy szyld/wizerunek wymaga oznakowania budynku i pojazdow";2025-09-01;https://www.glasinbeeld.nl/28734/evers-evers-glas-verder-als-martin-glas-helmond/;wysoka;UWAGA okno: oba zdarzenia tuz PRZED oknem (od pazdz. 2025), ale rebranding dopiero sie 'materializuje' w terenie (strona eversenevers.nl nadal ma stara nazwe w dniu sprawdzenia). Grupa Martin Glas (Eindhoven, ~200 osob) moze miec wlasnego dostawce brandingu - weryfikowac, kto decyduje (centrala). Starsza: wlasne nowe biuro 2025-03-07 (LinkedIn).
Evers & Evers glas;Helmond;OPCJA ROZSZERZENIA;https://eversenevers.nl/;zmiana_wlasciciela;"Przejecie Evers & Evers Glas przez Martin Glas (komunikat 14-17.03.2025); lokalizacja Zuiddijk 26 Helmond zostaje jedyna";2025-03-17;https://www.glasinbeeld.nl/28151/martin-glas-en-evers-evers-glas-bundelen-krachten/;wysoka;UWAGA okno: oba zdarzenia tuz PRZED oknem (od pazdz. 2025), ale rebranding dopiero sie 'materializuje' w terenie (strona eversenevers.nl nadal ma stara nazwe w dniu sprawdzenia). Grupa Martin Glas (Eindhoven, ~200 osob) moze miec wlasnego dostawce brandingu - weryfikowac, kto decyduje (centrala). Starsza: wlasne nowe biuro 2025-03-07 (LinkedIn).
Formule Logistics;Eindhoven;JUŻ MAJĄ;https://formulelogistics.nl/;nowa_filia;Nowa usługa: city logistics - dostawy w centrum Eindhoven (zrównoważona logistyka miejska, 'sneak preview');2026-06-01;https://nl.linkedin.com/posts/formulelogistics_formulelogistics-eindhoven-stadslogistiek-activity-7467274289377898496--fhQ;wysoka;Linki do rekrutacji i postu z 2026-08-18 prowadzą do profilu firmy (lista postów z datami), nie do pojedynczych postów. Case study Consafe (2026-09-10): https://consafelogistics.nl/our-customers/customer-case-stories/formule-logistics - trzy lokalizacje, wdrożenie WMS. Dobry trop: mogą potrzebować oklejenia małych aut do city logistics.
Formule Logistics;Eindhoven;JUŻ MAJĄ;https://formulelogistics.nl/;rekrutacja;Ogłoszenie: Planner Avond/Nacht 'door onze groei';2026-06-02;https://nl.linkedin.com/company/formulelogistics;średnia;Linki do rekrutacji i postu z 2026-08-18 prowadzą do profilu firmy (lista postów z datami), nie do pojedynczych postów. Case study Consafe (2026-09-10): https://consafelogistics.nl/our-customers/customer-case-stories/formule-logistics - trzy lokalizacje, wdrożenie WMS. Dobry trop: mogą potrzebować oklejenia małych aut do city logistics.
Formule Logistics;Eindhoven;JUŻ MAJĄ;https://formulelogistics.nl/;inne;Post o dalszych inwestycjach w rozwój firmy (po wakacjach);2026-08-18;https://nl.linkedin.com/company/formulelogistics;niska;Linki do rekrutacji i postu z 2026-08-18 prowadzą do profilu firmy (lista postów z datami), nie do pojedynczych postów. Case study Consafe (2026-09-10): https://consafelogistics.nl/our-customers/customer-case-stories/formule-logistics - trzy lokalizacje, wdrożenie WMS. Dobry trop: mogą potrzebować oklejenia małych aut do city logistics.
Furore Schoonmaakservice;Helmond;JUŻ MAJĄ;https://furoreschoonmaakservice.nl/;rekrutacja;Ogłoszenie: poszukiwani interieurverzorg(st)ers 'wegens sterke uitbreiding van onze werkzaamheden' (praca autami firmowymi, dobry tabor);2025-10-24;https://furoreschoonmaakservice.nl/vacature-interieurverzorgster/;wysoka;"Ekspansja potwierdzona w ogłoszeniu; wpis z 2025-10-24 mieści się w oknie."
Furore Schoonmaakservice;Helmond;JUŻ MAJĄ;https://furoreschoonmaakservice.nl/;inne;"Realizacje: odbiór sprzątania ratusza w Helmond (portfolio); realizacja biura przy Markt w Eindhoven (post dostawcy)";2025-11-18;https://furoreschoonmaakservice.nl/portfolio/oplevering-schoonmaak-gemeentehuis-helmond/;niska;"Ekspansja potwierdzona w ogłoszeniu; wpis z 2025-10-24 mieści się w oknie."
Groenen Groep;Veldhoven, Noord-Brabant, Netherlands;JUŻ MAJĄ;https://groenengroep.com/;inne;"Rozszerzenie parku maszynowego: wynajem wózka teleskopowego (verreiker) z operatorem (post LinkedIn firmy; link do profilu firmy, nie do samego posta)";2026-06-13;https://linkedin.com/company/groenen-groep;niska;Brak datowanego wpisu na stronie w oknie (nieuws: Hein-programma, Groenen App, slooprobot bez widocznych dat). KvK: zmiana w zarządzie 2026-02-10 (https://companyinfo.nl/organisatieprofiel/grondverzet/groenen-grond-en-sloopwerken-veldhoven-b-v-veldhoven-17120893-000018814255) - nie jest dowodem zmiany właściciela. Link do posta LinkedIn nie jest bezpośredni.
Gruyters Banden;Eindhoven;JUŻ MAJĄ;https://www.gruytersuniverselegarage.nl;inne;"GBE (Gruyters) wpis ""Weer geopend"" (ponowne otwarcie) - treść nie precyzuje remontu/zmian wyglądu, tylko oferta opon";2026-09-07;https://gb-e.nl/bridgestone-banden-eindhoven-veilig-het-najaar-in-gbe/;niska;"Strona domena gruytersuniverselegarage.nl przekierowuje na gb-e.nl (Garage & Bandencentrum Eindhoven), możliwa zmiana nazwy/marki bez datowanego wpisu - zweryfikować. Wpis 7.09.2026 ""Weer geopend"" bez szczegółów."
Heesmans Klimaatinrichting;Helmond;OPCJA ROZSZERZENIA;https://heesmans.nl/;inne;"Rozbudowa: przebudowa biura (open space, nowa kantyna), warsztatu, magazynu, prefab i szkoly praktycznej; rocznica 5 lat od przejecia firmy (1.07.2021)";2026-07-09;https://nl.linkedin.com/posts/heesmans-klimaatinrichting_klimaatinrichters-geefonsderuimte-jubilea-activity-7480891819631955968-LVMp;wysoka;"Zmiana wlasciciela byla w 2021 (poza oknem). Kantyna oddana 2024-06 (poza oknem). Dzialy: wzrost zespolu i obrotu (LinkedIn); 43 osoby, biura Helmond i Heerlen - potencjal na odziez/oznakowanie wnetrz i aut. Nowosci na heesmans.nl bez dat."
Heesmans Klimaatinrichting;Helmond;OPCJA ROZSZERZENIA;https://heesmans.nl/;inne;Budowa nowej przestrzeni prefab w warsztacie;2026-05-28;https://nl.linkedin.com/posts/heesmans-klimaatinrichting_geefonsderuimte-heesmans-prefab-activity-7465654922647121920-ZshC;srednia;"Zmiana wlasciciela byla w 2021 (poza oknem). Kantyna oddana 2024-06 (poza oknem). Dzialy: wzrost zespolu i obrotu (LinkedIn); 43 osoby, biura Helmond i Heerlen - potencjal na odziez/oznakowanie wnetrz i aut. Nowosci na heesmans.nl bez dat."
Kusters Logistic Services;Eindhoven;OPCJA ROZSZERZENIA;https://kusters-transport.nl/;nowe_auta;"Kusters Transport & Logistics odebrał dwa nowe ciągniki Scania R420 (odbiór 04-09-2025; wpis na stronie Kusters Bedrijven)";2025-09-04;https://www.kustersbedrijven.nl/twee-gloednieuwe-scania-r420s/;wysoka;"Dotyczy tez Kusters Transport; Scania odebrane to ciągniki, brak dowodu na oklejanie."
Kusters Logistic Services;Eindhoven;OPCJA ROZSZERZENIA;https://kusters-transport.nl/;nowe_auta;Informacja prasowa: rozbudowa taboru o dwa Scania 420R Super;2025-11-14;https://www.kustersbedrijven.nl/scania-420r-super/;wysoka;"Dotyczy tez Kusters Transport; Scania odebrane to ciągniki, brak dowodu na oklejanie."
Kusters Logistic Services;Eindhoven;OPCJA ROZSZERZENIA;https://kusters-transport.nl/;nowe_auta;Kolejne dwa nowe ciągniki Scania odebrane 20 lipca 2026;2026-07-22;https://www.kustersbedrijven.nl/twee-nieuwe-scania-trekkers/;wysoka;"Dotyczy tez Kusters Transport; Scania odebrane to ciągniki, brak dowodu na oklejanie."
Kusters Logistic Services;Eindhoven;OPCJA ROZSZERZENIA;https://kusters-transport.nl/;inne;Naczepa w pełni oklejona w stylu klienta Life & Mobility BV (realizacja już wykonana, wykonawca nieznany);2025-10-06;https://www.kustersbedrijven.nl/life-mobility-bv-inspired-by-life/;średnia;"Dotyczy tez Kusters Transport; Scania odebrane to ciągniki, brak dowodu na oklejanie."
Lavri Schoonmaakbedrijf;Reusel (oddziały Best, Valkenswaard);JUŻ MAJĄ;https://lavri.nl/;rekrutacja;Oferta pracy: glazenwasser z wlasnym busem (oferta zagregowana na vacaturesperregio, ogloszenie z 26.05.2026);2026-05-26;https://vacaturesperregio.nl/vacatures-schoonmaakbedrijf-lavri-b-v;niska;Oddzialy (Reusel, Best, Valkenswaard, Goirle, Eersel, Oosterhout) widoczne na lavri.nl/vestigingen, ale bez daty otwarcia - nie sygnal. KvK: zmiany rejestracji nevenvestiging (transfirm, 'ostatnia zmiana 2025-09-24') bez opisu. Starsza rekrutacja LinkedIn 2025-02-10 (poza oknem).
Out of the Boks;Valkenswaard;OKAZJA;https://www.outoftheboksvalkenswaard.com;przeprowadzka;"Przeprowadzka szkoły boksu na De Vest 62 w Valkenswaard ('wyrośliśmy z kurtki'); oficjalna data otwarcia jeszcze nieogłoszona; strona: 'VERHUIZING per 1 JAN 27'. Lokal 2425 m2 (wspólnie z 040 Fitness) dostaje nową fasadę";2026-08-12;https://www.outoftheboksvalkenswaard.com/verhuizing-per-1-jan-27;wysoka;"Bardzo mocny sygnał, wprowadzka planowana ok. 2027-01-01. Obecny adres: De Dragonder 1A. Data 2026-08-12 z metadanych wyszukiwarki; sama strona verhuizing bez daty publikacji."
Out of the Boks;Valkenswaard;OKAZJA;https://www.outoftheboksvalkenswaard.com;przeprowadzka;"Potwierdzenie wynajmu: Q Bedrijfslocaties - 040 Fitness i OUT of the BOKS wprowadzają się do kompleksu Kobefab, De Vest 62; budynek przechodzi metamorfozę, fasada z upgrade'em";2026-08-12;https://nl.linkedin.com/posts/q-bedrijfslocaties-b-v_brainporteindhoven-eindhoven-brainport-activity-7493240793567141888-8FQm;wysoka;"Bardzo mocny sygnał, wprowadzka planowana ok. 2027-01-01. Obecny adres: De Dragonder 1A. Data 2026-08-12 z metadanych wyszukiwarki; sama strona verhuizing bez daty publikacji."
Peeters Duurzaam (oddział Eindhoven);"Eindhoven (oddział; centrala Nederweert)";OPCJA ROZSZERZENIA;https://peetersduurzaam.nl/;nowa_filia;Nowa usługa: certyfikaty energetyczne (energielabel) dodane do oferty;2025-11-18;https://www.peetersduurzaam.nl/blog/energielabel-verbeteren/;niska;Vacatures (elektromonteur, monteur warmtepompen, Nederweert) na stronie bez daty. Brak sygnału nowej siedziby/floty w Eindhoven. Artykuł prasowy: https://www.ondernemersbelang.nl/nieuws/energielabel-verbeteren-met-de-hulp-van-peeters-duurzaam/ (2025-12-19).
Rijschool Dekker;Eindhoven;JUŻ MAJĄ;https://rijschooldekker.nl/;nowa_filia;Nowy instruktor ciężarówek (Jorrit zdał WRM-C) - rozszerzenie o kursy dla kierowców ciężarówek;2025-11-17;https://nl.linkedin.com/posts/rijschool-dekker_rijschooldekker-allroad-wrmc-activity-7396190735785541632-Ua3B;niska;Strona nieuws zawiera artykuły SEO bez dat. Brak nowych lesauto z datą.
Rijschool Elsenaar;Geldrop;OPCJA ROZSZERZENIA;https://rijschoolelsenaar.nl/;zmiana_wlasciciela;"Jessica Schenkelaars przejela szkole od rodziny Elsenaar (od kwietnia 2026; wspolwlascicielka od 2025); szkola dziala od 1991";2026-04;https://rijschoolelsenaar.nl/;srednia;"Dane tylko ze strony glownej firmy (brak daty publikacji strony; dateModified 2026-08-29). Brak informacji o nowej identyfikacji wizualnej - to hipoteza. Zewnetrzne zrodla nie potwierdzaja przejecia."
Rijschool Wildenberg;Eindhoven;OPCJA ROZSZERZENIA;https://rijschoolwildenberg.nl/;przeprowadzka;"Otwarcie nowej siedziby Quinten Matsyslaan 33 (dawny Gas Las Centrum, remont ok. 450 m2); uroczyste otwarcie w styczniu/lutym 2026; strona glowna: 'Rijschool Wildenberg is verhuisd!'";2026-02-02;https://www.rijschoolwildenberg.nl/post/rijsimulatorbeleving;wysoka;Link do symulatora (/autoactie) poprawny: https://www.rijschoolwildenberg.nl/autoactie. Przeprowadzka zapowiedziana na LinkedIn 2025-07-16 (poza oknem): https://nl.linkedin.com/posts/willy-van-den-wildenberg-75262418_rijschoolwildenberg-nieuwelocatie-groeimetonsmee-activity-7351194720900923392-8ob8. Przejecie Versantvoort Rijopleidingen: grudzien 2023 (poza oknem). Remont: https://www.duotone-interior.nl/project/rijschool-wildenberg-een-nieuwe-start-met-respect-voor-het-verleden/ (bez daty). Szyld/witryna nowej siedziby - silny kandydat.
Rijschool Wildenberg;Eindhoven;OPCJA ROZSZERZENIA;https://rijschoolwildenberg.nl/;inne;Wspolpraca z Luzac Eindhoven (nauka jazdy dla uczniow od sierpnia 2025), ok. 700 kursantow;2025-12-22;https://www.rijschoolwildenberg.nl/post/samenwerking-tussen-luzac-en-autorijschool-wildenberg;srednia;Link do symulatora (/autoactie) poprawny: https://www.rijschoolwildenberg.nl/autoactie. Przeprowadzka zapowiedziana na LinkedIn 2025-07-16 (poza oknem): https://nl.linkedin.com/posts/willy-van-den-wildenberg-75262418_rijschoolwildenberg-nieuwelocatie-groeimetonsmee-activity-7351194720900923392-8ob8. Przejecie Versantvoort Rijopleidingen: grudzien 2023 (poza oknem). Remont: https://www.duotone-interior.nl/project/rijschool-wildenberg-een-nieuwe-start-met-respect-voor-het-verleden/ (bez daty). Szyld/witryna nowej siedziby - silny kandydat.
Rijschool Wildenberg;Eindhoven;OPCJA ROZSZERZENIA;https://rijschoolwildenberg.nl/;inne;Zakup symulatora jazdy, demo przez 2 tygodnie od otwarcia siedziby;2026-02;https://www.rijschoolwildenberg.nl/autoactie;niska;Link do symulatora (/autoactie) poprawny: https://www.rijschoolwildenberg.nl/autoactie. Przeprowadzka zapowiedziana na LinkedIn 2025-07-16 (poza oknem): https://nl.linkedin.com/posts/willy-van-den-wildenberg-75262418_rijschoolwildenberg-nieuwelocatie-groeimetonsmee-activity-7351194720900923392-8ob8. Przejecie Versantvoort Rijopleidingen: grudzien 2023 (poza oknem). Remont: https://www.duotone-interior.nl/project/rijschool-wildenberg-een-nieuwe-start-met-respect-voor-het-verleden/ (bez daty). Szyld/witryna nowej siedziby - silny kandydat.
SMK Logistics;Eindhoven;JUŻ MAJĄ;https://www.smk-logistics.nl/;nowe_auta;"30 nowych ciagnikow Scania 460R Super (15 4x2 + 15 6x2/4), dostawa na poczatku stycznia 2026; komunikat prasowy";2026-04-14;https://www.ttm.nl/fleet/fleetmanagement/smk-logistics-sorteert-voor-op-vrachtwagenheffing-30-nieuwe-scania-460r-super-trekkers-in-vecto-klasse-3/176132/;wysoka;"Podwojenie wielkosci od 2023; zapowiedz wymiany kolejnych 15 ciagnikow na Scania. Flota bardzo duza - ocenic, czy branding robi dostawca (np. dealer) i czy naczepy reklamowe wchodza w gre."
SMK Logistics;Eindhoven;JUŻ MAJĄ;https://www.smk-logistics.nl/;nowe_auta;"Pierwszy elektryczny Mercedes eActros 600 dla DHL; podpisane kolejne 10 Actros";2026-02-20;https://nl.linkedin.com/posts/daan-brok-5b2b251a6_eactros600-duurzaamtransport-louwman-activity-7430590014939410432-8IIS;wysoka;"Podwojenie wielkosci od 2023; zapowiedz wymiany kolejnych 15 ciagnikow na Scania. Flota bardzo duza - ocenic, czy branding robi dostawca (np. dealer) i czy naczepy reklamowe wchodza w gre."
SMK Logistics;Eindhoven;JUŻ MAJĄ;https://www.smk-logistics.nl/;nowe_auta;Dostawa pierwszych 5 z 10 nowych Mercedes-Benz Actros 1848 LS (Louwman);2026-05-19;https://nl.linkedin.com/posts/louwmanmercedesbenz_een-mooie-stap-vooruit-voor-smk-logistics-activity-7462513567372742656-yTCQ;wysoka;"Podwojenie wielkosci od 2023; zapowiedz wymiany kolejnych 15 ciagnikow na Scania. Flota bardzo duza - ocenic, czy branding robi dostawca (np. dealer) i czy naczepy reklamowe wchodza w gre."
SMK Logistics;Eindhoven;JUŻ MAJĄ;https://www.smk-logistics.nl/;rekrutacja;"Rekrutacja (Financieel Manager, HR Adviseur) przez LEF Recruitment; firma ~130-140 osob, prawie 100 ciezarowek";2026-03-24;https://nl.linkedin.com/posts/lef-recruitment_van-%C3%A9%C3%A9n-busje-naar-130-medewerkers-en-bijna-activity-7442121827985977346-8FDV;srednia;"Podwojenie wielkosci od 2023; zapowiedz wymiany kolejnych 15 ciagnikow na Scania. Flota bardzo duza - ocenic, czy branding robi dostawca (np. dealer) i czy naczepy reklamowe wchodza w gre."
Schildersbedrijf van de Looy;Veldhoven;JUŻ MAJĄ;https://vandelooy.nl/;inne;Podpisanie umowy na dużą renowację/zrównoważenie kompleksu Eeckenrhode w Waalre (90 apartamentów) - nowy duży projekt;2026-07-08;https://nl.linkedin.com/posts/schildersbedrijf-van-de-looy-b-v_vandelooy-renovatie-verduurzaming-activity-7480586481221386240-xcA-;średnia;Nowe spółki (Glas 2020-ish, beton/podłogi 2023) poza oknem. Jubileusze pracowników na stronie nieuws bez daty.
Schildersbedrijf van de Looy;Veldhoven;JUŻ MAJĄ;https://vandelooy.nl/;rekrutacja;"Nabór malarzy (post LinkedIn); 4 oferty pracy (uczeń, glaszetter) na Nationale Vacaturebank 2026-08-16 - lista zbiorcza, nie jedno ogłoszenie";2026-02-02;https://nl.linkedin.com/posts/schildersbedrijf-van-de-looy-b-v_vacatureschilder-vakschilder-schildersbedrijf-activity-7424051613570498562-72Lb;niska;Nowe spółki (Glas 2020-ish, beton/podłogi 2023) poza oknem. Jubileusze pracowników na stronie nieuws bez daty.
Schoonmaakbedrijf Roefs;Bladel (oddział Eindhoven);JUŻ MAJĄ;https://schoonmaakbedrijfroefs.nl/;rekrutacja;"Nowa rayonleidster (kierowniczka rejonu) Esmé dołączyła do zespołu; firma 235-250 pracowników";2026-04-07;https://nl.linkedin.com/posts/schoonmaakbedrijf-roefs_%F0%9D%97%A2%F0%9D%97%BB%F0%9D%98%87%F0%9D%97%B2-%F0%9D%97%BB%F0%9D%97%B6%F0%9D%97%B2%F0%9D%98%82%F0%9D%98%84%F0%9D%97%B2-%F0%9D%97%BF%F0%9D%97%AE%F0%9D%98%86%F0%9D%97%BC%F0%9D%97%BB%F0%9D%97%B9%F0%9D%97%B2%F0%9D%97%B6%F0%9D%97%B1%F0%9D%98%80%F0%9D%98%81%F0%9D%97%B2%F0%9D%97%BF-activity-7447281437554143232-GJkR;niska;Brak sygnału nowych aut/siedziby.
Schoonmaakbedrijf Roefs;Bladel (oddział Eindhoven);JUŻ MAJĄ;https://schoonmaakbedrijfroefs.nl/;inne;33-lecie firmy (jubileusz) i blog historyczny;2026-03-17;https://schoonmaakbedrijfroefs.nl/blogs/kwaliteit-en-passie-vormen-al-33-jaar-de-basis-van-ons-bedrijf/;niska;Brak sygnału nowych aut/siedziby.
Slagerij van Kemenade;Asten;OPCJA ROZSZERZENIA;https://slagerijvankemenade.nl;zmiana_wlasciciela;"Rejestr KvK: 'organizacja ma zmiany w zarzadzaniu' (29.01.2026) wg agregatora companyinfo; brak opisu - moze byc zmiana wlasciciela/zarzadu";2026-01-29;https://companyinfo.nl/organisatieprofiel/detailhandel-in-vlees-en-vleeswaren-niet-voornamelijk-wild-en-gevogelte/slagerij-van-kemenade-asten-81429940-000006557147;niska;Sygnal niski i niepotwierdzony tresciowo. Strona ma zakladke vacatures (szuka sprzedawcy do sklepu) bez daty. Poprzednia przebudowa sklepu: wrzesien 2018, 100-lecie 2020 (poza oknem).
Van Spreuwel Transport;Eindhoven (Acht);JUŻ MAJĄ;https://vanspreuweltransport.nl/;nowe_auta;"Test w codziennym transporcie w pełni elektrycznej zabudowy IVECO eDaily (z Truckland Acht); firma nominowana do TVM Awards";2026-08-26;https://www.linkedin.com/feed/update/urn:li:activity:7498363764719738881;wysoka;Wcześniejsze (poza oknem): 8 nowych IVECO (2025-03-18, https://www.truckland.nl/nieuws/trucks/van-spreuwel-transport-breidt-uit-met-acht-nieuwe-ivecos), 8 DAF XD (2025-01-20), remont wejścia/socjalnego (2025-04-08).
ZND Nedicom;Eindhoven;JUŻ MAJĄ;https://zndnedicom.nl/;inne;"Nowa hala montazowa (assemblage) w Asten: wysylka 51 modulow dachowych do Flora Campus Naaldwijk; firma pisze o 'nowej' hali";2026-01-23;https://nl.linkedin.com/posts/zndnedicom_naaldwijk-zndnedicom-vakmanschap-activity-7420363418886479872-2-WF;srednia;Brak sygnalu o nowych busach/rebrandingu/przeprowadzce. Wpisy newsowe na zndnedicom.nl sa artykulami tematycznymi (bez dat). Reszta LinkedIn (kontrakty: Wageningen 2026-08-26, Breda 2026-05-18) to projekty, nie sygnaly reklamowe. Nowa huisstijl firmy jest starsza (strona 'over-ons': 'nieuw jasje' bez daty).
ZND Nedicom;Eindhoven;JUŻ MAJĄ;https://zndnedicom.nl/;inne;73. rocznica firmy (swieto, bez zapowiedzi zmian wizerunku);2026-04-01;https://nl.linkedin.com/posts/zndnedicom_jubileum-zndnedicom-trots-activity-7445115416546308096-vlOh;niska;Brak sygnalu o nowych busach/rebrandingu/przeprowadzce. Wpisy newsowe na zndnedicom.nl sa artykulami tematycznymi (bez dat). Reszta LinkedIn (kontrakty: Wageningen 2026-08-26, Breda 2026-05-18) to projekty, nie sygnaly reklamowe. Nowa huisstijl firmy jest starsza (strona 'over-ons': 'nieuw jasje' bez daty).
v.d. Hurk & Doezé Dakwerken;Heeze;OPCJA ROZSZERZENIA;https://hurkdoeze.nl/;inne;"Pierwszy duży projekt biobased (renowacja 180 dachów słomą w Mierlo/Helmond z Compaen i woCom) - wzrost działalności; wpis na stronie firmy";2025-10-01;https://www.hurkdoeze.nl/nieuws/nieuw-biobased-dakproject;niska;Przeprowadzka do nowego budynku w Heeze datowana 2020-05 (poza oknem). Brak nowych aut/rekrutacji z datą w oknie.
v.d. Hurk & Doezé Dakwerken;Heeze;OPCJA ROZSZERZENIA;https://hurkdoeze.nl/;rebranding;Nowa strona www firmy (odświeżony wizerunek, 'wszystko pod jednym dachem') ogłoszona na LinkedIn;2026-01-29;https://nl.linkedin.com/posts/hurkdoezebupasolar_nieuwesite-dakwerken-verduurzaming-activity-7422568475396722689-G1Ed;niska;Przeprowadzka do nowego budynku w Heeze datowana 2020-05 (poza oknem). Brak nowych aut/rekrutacji z datą w oknie.
't Nekkermenneke;Bladel;OPCJA ROZSZERZENIA;https://www.nekkermenneke.nl;brak sygnału z datą i linkiem;;;;;"Brak sygnalow. Strona: newsy z 2022-10 i 2023-10 (poza oknem); 'Kerstmis 2026' to oferta sezonowa. Zrodla zewnetrzne tylko opinie i artykuly z 2016-17 (pozar sasiada)."
5504mondzorg;Veldhoven;JUŻ MAJĄ;https://5504mondzorg.nl/;brak sygnału z datą i linkiem;;;;;Brak sygnalow. Praktyka otwarta 15.10.2018, strona wizytowka. KvK: zlozenie sprawozdania 2025-12-09 (nie sygnal).
Auto Service Gemert;Gemert;OPCJA ROZSZERZENIA;https://www.autoservicegemert.nl;brak sygnału z datą i linkiem;;;;;Brak sygnalow dotyczacych tej firmy (Weerijs 20, Gemert). Wyniki o 'Auto Mertens Gemert' (JAMES Autoservice od 2026-07-01, trzecia lokalizacja 2025-05) dotycza INNEJ firmy - nie uzywac. Strona ma tylko stage 2026-04-01 (stagemarkt) - nie sygnal.
Boekweit Transport;Lieshout;JUŻ MAJĄ;https://www.boekweittransport.nl;brak sygnału z datą i linkiem;;;;;Ostatni znaleziony sygnał: nowy Scania R560 z żurawiem 2025-04-24 (https://www.ttm.nl/fleet/fleetmanagement/boekweit-transport-breidt-wagenpark-uit-met-scania-r560/168411/) - poza oknem (przed 2025-10). Nic w oknie.
Botteram Bikes;Riethoven;JUŻ MAJĄ;https://botterambikes.nl;brak sygnału z datą i linkiem;;;;;KvK: zmiana nazwy organizacji 2026-02-27 (https://companyinfo.nl/organisatieprofiel/winkels-in-fietsen-en-bromfietsen/botteram-bikes-riethoven-17210176-000000670995) - bez szczegółów (nowa nazwa nieustalona), więc nie wpisano jako rebranding. Do sprawdzenia.
Bouwbedrijf Th. van Kasteren;Veldhoven, Noord-Brabant, Netherlands;OPCJA ROZSZERZENIA;https://thvankasteren.nl/;brak sygnału z datą i linkiem;;;;;"Strona już działa pod marką BLDRS (thvankasteren.nl, tytuł ""Home - BLDRS"", #WeAreBLDRS) ale nie znaleziono datowanego wpisu o rebrandingu; data zmiany nieznana, więc nie liczone jako sygnał."
City Mondzorg;Eindhoven;OPCJA ROZSZERZENIA;https://www.citymondzorg.nl/;brak sygnału z datą i linkiem;;;;;"Blog tylko artykuły medyczne (do 2025-12-22). Brak sygnału o drugiej lokalizacji z datą: praktyki w Veldhoven (Horst 18) i Eindhoven (Edenstraat 35) już istnieją; data przeprowadzki nieznana."
De Laat Slaapexpert;Bladel;OPCJA ROZSZERZENIA;https://delaatslaapexpert.nl/;brak sygnału z datą i linkiem;;;;;"Blog SEO; brak sygnałów (showroomy Diessen i Bladel istnieją, bez dat otwarcia)."
Fietsspecialist van de Wijgert;Eindhoven;OPCJA ROZSZERZENIA;http://www.fietsspecialistvandewijgert.nl/;brak sygnału z datą i linkiem;;;;;"Brak sygnalow w oknie. 70-lecie obchodzone 2024-09-29 (ED 2024-09-23, poza oknem); rekrutacja mechanika na LinkedIn wlasciciela 2025-02-10 (poza oknem). Wlasciciel Mark chcialby przejac inny sklep (Fietsmarkt 2024-05-07) - bez potwierdzenia."
Fysiotherapie Nieuwenhuis;Best;OPCJA ROZSZERZENIA;https://www.fysiotherapienieuwenhuis.nl/;brak sygnału z datą i linkiem;;;;;"Brak sygnalow w oknie. Trzy lokalizacje (Best, Oirschot, Helmond) bez dat otwarcia; Helmond przeniesione do Gezondheidscentrum Eeuwsels w nieokreslonej przeszlosci. Zmiany w personelu (rejestr Vektis) nie sa sygnalem reklamowym."
Fysiotherapie: de Fysiovrienden;Eindhoven;OPCJA ROZSZERZENIA;https://www.defysiovrienden.nl/locations/kalmoesplein/;brak sygnału z datą i linkiem;;;;;Lokalizacja Aalst/Waalre (Sportcentrum Coach, Eindhovenseweg 8A) istnieje, ale nie znaleziono daty otwarcia (https://defysiovrienden.nl/locaties/aalst-waalre/ - bez daty). Podobne: inne firmy zamknęły lokal w Stratum (Het Slaaplokaal, 2026-05-01) - nie dotyczy. Brak datowanego wpisu = brak sygnału.
Gebr. Wijnen Installaties;Valkenswaard;OPCJA ROZSZERZENIA;https://wijneninstallaties.nl/;brak sygnału z datą i linkiem;;;;;"Tylko posty projektowe LinkedIn (2026-01-21, 2026-03-26, 2026-07-17 hotel Van der Valk Rotterdam) - nie sygnały reklamowe. Uwaga: LinkedIn podaje HQ Eindhoven, strona Valkenswaard - nie potwierdzono przeprowadzki; wspomniano uruchomienie działu brandmeld 1 stycznia (rok nieustalony, prawdopodobnie 2026), brak bezpośredniego linku dedykowanego."
Gevers Installatie;Eindhoven;JUŻ MAJĄ;https://geversinstallatie.nl/;brak sygnału z datą i linkiem;;;;;"Wpis o nowej siedzibie, nowej strukturze BV i nowym wyglądzie (Sven i Jari) ma datę 2025-06-10, czyli przed oknem (październik 2025); https://geversinstallatie.nl/gevers-nieuw-jasje/ . Możliwy świeży rebranding, ale poza zakresem."
Groen met Koen;Geldrop;OPCJA ROZSZERZENIA;https://groenmetkoen.nl/;brak sygnału z datą i linkiem;;;;;Brak sygnalow. Strona/LinkedIn: stage BOL (wpis 2022), brak nowych zdarzen. Firma 1-2 osoby.
Gymbokx;Helmond;OPCJA ROZSZERZENIA;https://www.gymbokx.nl/;brak sygnału z datą i linkiem;;;;;"Blog tylko 2021; vacatures (4, w tym Vestigingsmanager) bez dat - nie liczone."
Harks;Geldrop;OPCJA ROZSZERZENIA;https://www.harks.nl;brak sygnału z datą i linkiem;;;;;"Brak sygnalu w oknie. Przejecie Sportcentrum Laan 7 ogloszone 2024-05-17 (https://geldrop-mierlo24.nl/home/artikel/100147/Sportcentrum-Harks-neemt-Sportcentrum-Laan-7-over) i plan przeprowadzki/nowego budynku przy Gijzenrooiseweg (ED 2024-01-16) - POZA oknem, ale nowy budynek jeszcze nie potwierdzony jako otwarty; warto sprawdzic status budowy. Strona harks.nl/vacatures zmodyfikowana 2025-11-24 (bez tresci ogloszen)."
Hattrick Uitzendbureau;Eindhoven;OPCJA ROZSZERZENIA;https://hattrick.nl;brak sygnału z datą i linkiem;;;;;"Otwarcie filii w Eindhoven datowane 2024-07-07 (poza oknem): https://www.hattrick.nl/hattrick-opent-in-eindhoven ; najnowsze wpisy 2025-06."
Heesmans Dakwerken;Mierlo;OPCJA ROZSZERZENIA;https://heesmansdakwerken.nl/;brak sygnału z datą i linkiem;;;;;"Strona zwraca 403 przy curl; WebSearch nie znalazł żadnych wpisów o firmie. Brak dowodu."
Heftruckservice Gemert;Gemert;OPCJA ROZSZERZENIA;https://www.heftruckservicegemert.nl;brak sygnału z datą i linkiem;;;;;Strona informuje o fuzji Heftruck Service Gemert B.V. z Frencken Handel en Service B.V. pod nazwą Frencken Heftruck Service B.V. (https://heftruckservicegemert.nl/), ale data ogłoszenia nieustalona (strona z metadanymi 2016/2022) - bez daty nie uznano za sygnał. Artykuł na fhs.nl z 2026-04-08 sugeruje, że nazwa/marka Frencken już działa (https://www.fhs.nl/waar-moet-u-op-letten-bij-het-aanschaffen-van-een-heftruck/). Bardzo możliwy rebranding aut serwisowych - zweryfikować datę.
Hermans Tweewielers;Hapert;JUŻ MAJĄ;https://www.hermans-tweewielers.nl;brak sygnału z datą i linkiem;;;;;"Newsy to treści branżowe z agregatora (nie firmowe); inny Hermanns (rebrand) to inna firma. Brak sygnału."
Heuvel Afbouwgroep;Deurne;OPCJA ROZSZERZENIA;https://heuvelafbouw.nl/;brak sygnału z datą i linkiem;;;;;"Wpisy w nieuws: przeprowadzka do nowej siedziby ok. kwiecień 2025 (""Een jaar later"", wpis 2026-04-23) czyli poza oknem; reszta to projekty (Nieuwe Bergen 2026-09-08) i In memoriam. Strona ma podstrony vacatures bez dat."
Hoveniersbedrijf Henri van der Wijst;Sint-Oedenrode;OPCJA ROZSZERZENIA;https://www.hoveniersbedrijfhenrivanderwijst.nl/;brak sygnału z datą i linkiem;;;;;Mała firma rodzinna (2 osoby), brak newsów w oknie.
JUIST! schoonmaak B.V.;Nuenen;OPCJA ROZSZERZENIA;https://juistschoonmaak.nl/;brak sygnału z datą i linkiem;;;;;"Blog to artykuły SEO bez dat; brak sygnału."
Joost. Renovatie & Nieuwbouw B.V.;Helmond, Noord-Brabant, Netherlands;OPCJA ROZSZERZENIA;https://joostbouw.nl/;brak sygnału z datą i linkiem;;;;;Brak datowanych sygnalow. Strona i LinkedIn: tylko posty projektowe i wpis 2026-02-09 o wynajmie zurawia (nie sygnal). Opinie klientow 2026 to nie zdarzenia firmy. Firma 4 osoby, zalozona 2017.
Kusters Facilities;Eindhoven;OPCJA ROZSZERZENIA;https://kusters-facilities.nl/;brak sygnału z datą i linkiem;;;;;Kusters Bedrijven (grupa) newsy dotyczą głównie transportu (patrz id 13). Wpis o wolnych biurach w Mispelhoefstraat 31-33 (2025-10-06) to oferta wynajmu, nie sygnał dla Facilities. Podstrona vacatures bez dat.
LEEUW opleidingen;Eindhoven;JUŻ MAJĄ;https://leeuwopleidingen.nl/;brak sygnału z datą i linkiem;;;;;Przejęcie Blom Verkeersschool 2025-02-13 (https://bigtruck.nl/nieuws/blom-verkeersschool-overgenomen-door-leeuw-opleidingen) i nowy adres Park Forum 1362 od 2024-08-01 - oba poza oknem. W oknie tylko: kampania rekrutacyjna kursantów C z Lekkerland (2026-03-02, https://nl.linkedin.com/posts/leeuw-opleidingen_lekkerland-nederland-bv-opleiding-vrachtwagenchauffeur-activity-7434213043200331777-8xiV) i komunikat Code 95 (2026-09-10) - nie są sygnałami reklamowymi.
Luna Fris Blauw Service en Onderhoud;Eindhoven;OPCJA ROZSZERZENIA;https://frisblauw.nl/;brak sygnału z datą i linkiem;;;;;Brak newsów i brak wyników w WWW.
Mega Verduurzaam;Veldhoven, North Brabant, Netherlands;OPCJA ROZSZERZENIA;https://megaverduurzaam.nl/;brak sygnału z datą i linkiem;;;;;Brak newsów, brak datowanych wpisów (strona z 2024-12). Vacatures na stronie bez daty.
Mulders Glazenwasser;Nuenen;OPCJA ROZSZERZENIA;https://muldersglazenwasser.nl/;brak sygnału z datą i linkiem;;;;;"Brak sygnalow. Strona: 'ponad 50 lat' (od 1967), brak wpisow z datami; w wynikach tylko wizytowki. Liczba ~50 osob z bazy niepotwierdzona (katalogi: 2-4 pracownikow)."
Paint and More Brabant;Eindhoven;OPCJA ROZSZERZENIA;https://www.paintandmorebrabant.nl/;brak sygnału z datą i linkiem;;;;;Brak datowanych sygnalow. Strona i wyniki to wizytowka/opinie (KvK 94014582 - mloda firma). Adres Agamemnonlaan 2 bez informacji o przeprowadzce.
R&J Installatie- en Elektrotechniek;Son en Breugel;OPCJA ROZSZERZENIA;https://rj-installatie.nl/;brak sygnału z datą i linkiem;;;;;"Brak datowanych newsów; strona pokazuje tylko projekty."
REGBAT Helmond;Helmond;OPCJA ROZSZERZENIA;https://regbathelmond.nl/;brak sygnału z datą i linkiem;;;;;Brak datowanych sygnalow. Strona: oddzial otwarty wrzesien 2018, nowa linia LFP Batteries 'od 2024' (poza oknem, bez daty wpisu). curl na regbathelmond.nl zwrocil 403, tresc sprawdzona przez wyszukiwanie.
Rijschool Heezen;Waalre;JUŻ MAJĄ;https://rijschoolheezen.nl/;brak sygnału z datą i linkiem;;;;;"Brak newsów, WWW bez wyników; vacatures bez dat."
Rijschool Kennis;Eindhoven;OPCJA ROZSZERZENIA;https://rijschoolkennis.nl/;brak sygnału z datą i linkiem;;;;;Brak newsów, WWW bez wyników.
Sandwashen.nl;Eindhoven;OPCJA ROZSZERZENIA;https://sandwashen.nl/;brak sygnału z datą i linkiem;;;;;"Brak newsów; strona tylko usługi i referencje (High Tech Campus, WTC itd.), brak dat."
Send Solution;Eindhoven;OPCJA ROZSZERZENIA;https://sendsolution.com/;brak sygnału z datą i linkiem;;;;;"Blog szablonowy z 2025 (dummy). WebSearch nie potwierdził nowej siedziby; Sendcloud to inna firma. Strona /locaties zwraca 404."
Sparidaens B.V.;Bladel (działa w reg. Eindhoven);JUŻ MAJĄ;https://sparidaensbv.nl/;brak sygnału z datą i linkiem;;;;;Brak newsów. Stopka: nowa jednostka De Sparidaens Groep B.V. (KvK 97653578), bez daty/wpisu - nie liczone.
Stucadoorsbedrijf W. Derhaag;Eindhoven;OPCJA ROZSZERZENIA;https://derhaag.nl/;brak sygnału z datą i linkiem;;;;;Brak newsów na stronie, brak wyników w WWW.
Top-Roof;Eindhoven;OPCJA ROZSZERZENIA;https://www.top-roof.nl/;brak sygnału z datą i linkiem;;;;;"Strona bez aktualności; wyszukiwanie nie wykazało newsów, przeprowadzki ani rekrutacji. Mały zespół (właściciel Danny)."
Transportbedrijf De Rooy;Son en Breugel;JUŻ MAJĄ;https://derooy.com/;brak sygnału z datą i linkiem;;;;;Brak sygnalow w oknie. Nowa huisstijl i odziez robocza przy 100-leciu to styczen 2024 (https://frits.nl/wij-zitten-in-het-transport-en-daar-zijn-wij-goed-in/) - poza oknem. Artykul ED 2025-12-10 dotyczy mandatow (nie sygnal). Wpisy na derooy.com/nieuws bez dat.
Verhappen transport en warehousing;Helmond;OPCJA ROZSZERZENIA;https://www.verhappenkoeriers.nl/;brak sygnału z datą i linkiem;;;;;Strona ma vacature fulltime chauffeur bez daty (nie liczone). Brak newsów, WWW bez wyników.
Verhees en van Dijk Installatietechniek;Deurne;OPCJA ROZSZERZENIA;https://verheesenvandijk.nl/;brak sygnału z datą i linkiem;;;;;Jedyny nowy wpis: 2026-04-23 spotkanie z coachami energetycznymi (nie sygnał). Wzmianka o nowym pracowniku niepotwierdzona.
Verkeersschool Meurs;Eersel;OPCJA ROZSZERZENIA;https://verkeersschoolmeurs.nl/;brak sygnału z datą i linkiem;;;;;"Brak newsów; strona bez aktualności. Adres: Steensel (gm. Eersel)."
VermulstBenders Schilderwerken;Helmond;OPCJA ROZSZERZENIA;https://schilderwerken-vb.nl/;brak sygnału z datą i linkiem;;;;;Brak newsów, brak wyników w WWW (tylko katalogi).
Wouters Techniek;Hapert;OPCJA ROZSZERZENIA;https://wouterstechniek.nl/;brak sygnału z datą i linkiem;;;;;"Brak sygnalu w oknie. Rebranding (nowa nazwa 'Wouters Techniek' i nowy wyglad od 2025, 25-lecie) zapowiedziany na LinkedIn 2024-11-29 (https://nl.linkedin.com/company/wouterstechniek) - POZA oknem, ale wdrazany w 2025; strona ma nowy wyglad (brandbazen.agency). Ruud Wouters przejmuje stery razem z Wilem w 2025 (strona Over ons, data publikacji 2024-06-06). LinkedIn 2025-07-17: nowy pracownik; 2025-10-29: domotyka z certyfikowana ochrona (nowa usluga, wpis firmowy bez bezposredniego linku do posta). Nie uznane za sygnal (brak linku do konkretnego wpisu / poza oknem)."
