Kategoria;Priorytet;Punkty;Firma;Miasto;Adres;Strona WWW;Stan strony;HTTPS;Na telefon (viewport);Rok w stopce;System strony;Social media (znalezione);Oklejenie aut / odzież / witryna;Sygnały zakupu;Pracownicy (LinkedIn);Zmiana zatrudnienia r/r;Rok założenia;Sieć / franczyza;Ocena ogólna;Luki;Szansa dla GW;Status kontaktu;Źródło;Sprawdzono
Transport i logistyka;A;7;Formule Logistics;Eindhoven;;https://formulelogistics.nl/;PRZESTARZAŁA;tak;tak;2020;WordPress;Facebook, LinkedIn;NIEUSTALONE (wymaga zdjęć lub wizji lokalnej);"rekrutuje; nowa usługa: dostawy w centrum Eindhoven (2026)";19;;1997;;Częściowe braki;przestarzała strona (stopka 2020);"nowa strona (mobile, HTTPS); oklejenie aut, odzież robocza, tablice (do sprawdzenia na zdjęciach); odzież/oklejenie dla nowych ludzi i aut; oznakowanie nowej lokalizacji / start marki";nie kontaktowano;wyszukiwarka firm (dane LinkedIn/strona);2026-10-10
Transport i logistyka;A;7;Wijnen Vlotweg Verhuisgroep;Eindhoven;;https://vlotwegverhuizingen.nl/;PRZESTARZAŁA;tak;nie;;;;NIEUSTALONE (wymaga zdjęć lub wizji lokalnej);rośnie zatrudnienie;6;+20%;;;Częściowe braki;"przestarzała strona (nie na telefon); nie znaleziono social media na stronie";"nowa strona (mobile, HTTPS); materiały do social media; oklejenie aut, odzież robocza, tablice (do sprawdzenia na zdjęciach); odzież/oklejenie dla nowych ludzi i aut";nie kontaktowano;wyszukiwarka firm (dane LinkedIn/strona);2026-10-10
Transport i logistyka;A;6;Kusters Bergings- en Transportbedrijf;Eindhoven;;;BRAK STRONY;;;;;;NIEUSTALONE (wymaga zdjęć lub wizji lokalnej);brak własnej strony WWW w danych firmy;2;+100%;;;Duże braki online;brak strony WWW (dane firmy);"strona WWW + identyfikacja; oklejenie aut, odzież robocza, tablice (do sprawdzenia na zdjęciach)";nie kontaktowano;wyszukiwarka firm (dane LinkedIn/strona);2026-10-10
Transport i logistyka;A;6;Vereijken Verhuizingen;Eindhoven;;https://www.vereijkenverhuizingen.nl/;OK;tak;tak;2024;WordPress;Facebook;NIEUSTALONE (wymaga zdjęć lub wizji lokalnej);"rekrutuje; nowa lokalizacja; rodzinna firma przeprowadzkowa wg strony 60+ lat, magazyn 20 000 m3; od 2024 nowy właściciel (N. Gooren) (strona OK 2026-10-10)";;;;;Podstawy online OK;;"oklejenie aut, odzież robocza, tablice (do sprawdzenia na zdjęciach); odzież/oklejenie dla nowych ludzi i aut; oznakowanie nowej lokalizacji / start marki";nie kontaktowano;nowa branża (runda 2, wyszukiwanie + strona) | dowód: https://www.vereijkenverhuizingen.nl/;2026-10-10
Transport i logistyka;B;5;Brabantse Verhuiscentrale (BVC);Eindhoven;;https://www.verhuiscentrale.nl/;OK;tak;tak;;Wix;;NIEUSTALONE (wymaga zdjęć lub wizji lokalnej);przeprowadzki i magazyn, 4 pokolenia, Broekakkerseweg 22 Eindhoven (strona OK 2026-10-10);;;;;Częściowe braki;nie znaleziono social media na stronie;"materiały do social media; oklejenie aut, odzież robocza, tablice (do sprawdzenia na zdjęciach)";nie kontaktowano;nowa branża (runda 2, wyszukiwanie + strona) | dowód: https://www.verhuiscentrale.nl/;2026-10-10
Transport i logistyka;B;5;Dambacher Transport Services;Eindhoven;;https://dambacher.nu/;OK;tak;tak;;WordPress;Facebook;NIEUSTALONE (wymaga zdjęć lub wizji lokalnej);"rekrutuje; wg strony ok. 35 osób i 30 pojazdów";4;;2007;;Podstawy online OK;;"oklejenie aut, odzież robocza, tablice (do sprawdzenia na zdjęciach); odzież/oklejenie dla nowych ludzi i aut";nie kontaktowano;wyszukiwarka firm (dane LinkedIn/strona);2026-10-10
Transport i logistyka;B;5;Diligence Koeriers Helmond;Helmond;;https://diligencekoeriers.nl/;OK;tak;tak;2025;WordPress;;NIEUSTALONE (wymaga zdjęć lub wizji lokalnej);podwoiło zatrudnienie;2;+100%;2003;;Częściowe braki;nie znaleziono social media na stronie;"materiały do social media; oklejenie aut, odzież robocza, tablice (do sprawdzenia na zdjęciach); odzież/oklejenie dla nowych ludzi i aut";nie kontaktowano;wyszukiwarka firm (dane LinkedIn/strona);2026-10-10
Transport i logistyka;B;5;Gebr. van den Eijnden Euromovers;Eindhoven;;https://movers.nl/;OK;tak;tak;;;Facebook, Instagram, LinkedIn;NIEUSTALONE (wymaga zdjęć lub wizji lokalnej);"rekrutuje; rośnie zatrudnienie";21;+10.5%;1898;;Podstawy online OK;;"oklejenie aut, odzież robocza, tablice (do sprawdzenia na zdjęciach); odzież/oklejenie dla nowych ludzi i aut";nie kontaktowano;wyszukiwarka firm (dane LinkedIn/strona);2026-10-10
Transport i logistyka;B;5;Koeriersdienst Zesgehugten;Geldrop;;;NIE ZNALEZIONO STRONY W DANYCH;;;;;;NIEUSTALONE (wymaga zdjęć lub wizji lokalnej);"rejestr firm (KvK via Oozo): zalozona wrzesień 2026; brak znalezionej strony";;;2026;;Do sprawdzenia;strony nie ma w danych mapy (do sprawdzenia);"jeśli faktycznie brak: strona WWW; oklejenie aut, odzież robocza, tablice (do sprawdzenia na zdjęciach)";nie kontaktowano;nowo założona lub otwarta firma (runda 2, lokalne media / rejestr Oozo) | dowód: https://www.oozo.nl/bedrijven/geldrop-mierlo/geldrop/zesgehuchten/4231620/koeriersdienst-zesgehugten;2026-10-10
Transport i logistyka;B;5;NiJo B.V.;Best;;;NIE ZNALEZIONO STRONY W DANYCH;;;;;;NIEUSTALONE (wymaga zdjęć lub wizji lokalnej);"rejestr firm (KvK via Oozo): zalozona sierpień 2026; brak znalezionej strony";;;2026;;Do sprawdzenia;strony nie ma w danych mapy (do sprawdzenia);"jeśli faktycznie brak: strona WWW; oklejenie aut, odzież robocza, tablice (do sprawdzenia na zdjęciach)";nie kontaktowano;nowo założona lub otwarta firma (runda 2, lokalne media / rejestr Oozo) | dowód: https://www.oozo.nl/bedrijven/best/best/t-zand/4194042/nijo-b-v;2026-10-10
Transport i logistyka;B;5;Send Solution;Eindhoven;;https://sendsolution.com/;OK;tak;tak;;Lightspeed;;NIEUSTALONE (wymaga zdjęć lub wizji lokalnej);otwiera kolejne lokalizacje;2;;2017;;Częściowe braki;nie znaleziono social media na stronie;"materiały do social media; oklejenie aut, odzież robocza, tablice (do sprawdzenia na zdjęciach)";nie kontaktowano;wyszukiwarka firm (dane LinkedIn/strona);2026-10-10
Transport i logistyka;B;5;SMK Logistics;Eindhoven;;https://www.smk-logistics.nl/;OK;tak;tak;2026;WordPress;Facebook, Instagram, LinkedIn;NIEUSTALONE (wymaga zdjęć lub wizji lokalnej);"rekrutuje; rośnie zatrudnienie";33;+13.8%;2015;;Podstawy online OK;;"oklejenie aut, odzież robocza, tablice (do sprawdzenia na zdjęciach); odzież/oklejenie dla nowych ludzi i aut";nie kontaktowano;wyszukiwarka firm (dane LinkedIn/strona);2026-10-10
Transport i logistyka;B;5;Swift Drop Transport;Someren;;;NIE ZNALEZIONO STRONY W DANYCH;;;;;;NIEUSTALONE (wymaga zdjęć lub wizji lokalnej);"rejestr firm (KvK via Oozo): zalozona sierpień 2026; brak znalezionej strony";;;2026;;Do sprawdzenia;strony nie ma w danych mapy (do sprawdzenia);"jeśli faktycznie brak: strona WWW; oklejenie aut, odzież robocza, tablice (do sprawdzenia na zdjęciach)";nie kontaktowano;nowo założona lub otwarta firma (runda 2, lokalne media / rejestr Oozo) | dowód: https://www.oozo.nl/bedrijven/someren/someren/someren/4197849/swift-drop-transport;2026-10-10
Transport i logistyka;B;5;Transportbedrijf De Rooy;Son en Breugel;;https://derooy.com/;OK;tak;tak;;WordPress;Facebook, Instagram, LinkedIn, YouTube;NIEUSTALONE (wymaga zdjęć lub wizji lokalnej);"rekrutuje; duża firma, flota ciężarówek";134;-1.5%;1923;;Podstawy online OK;;"oklejenie aut, odzież robocza, tablice (do sprawdzenia na zdjęciach); odzież/oklejenie dla nowych ludzi i aut";nie kontaktowano;wyszukiwarka firm (dane LinkedIn/strona);2026-10-10
Transport i logistyka;B;5;Van Spreuwel Transport;Eindhoven (Acht);;https://vanspreuweltransport.nl/;OK;tak;tak;2026;WordPress;Facebook;NIEUSTALONE (wymaga zdjęć lub wizji lokalnej);"rekrutuje; duża flota";49;;1992;;Podstawy online OK;;"oklejenie aut, odzież robocza, tablice (do sprawdzenia na zdjęciach); odzież/oklejenie dla nowych ludzi i aut";nie kontaktowano;wyszukiwarka firm (dane LinkedIn/strona);2026-10-10
Transport i logistyka;B;5;Verhappen transport en warehousing;Helmond;;https://www.verhappenkoeriers.nl/;OK;tak;tak;2022;WordPress;;NIEUSTALONE (wymaga zdjęć lub wizji lokalnej);rekrutuje;4;;1995;;Częściowe braki;nie znaleziono social media na stronie;"materiały do social media; oklejenie aut, odzież robocza, tablice (do sprawdzenia na zdjęciach); odzież/oklejenie dla nowych ludzi i aut";nie kontaktowano;wyszukiwarka firm (dane LinkedIn/strona);2026-10-10
Transport i logistyka;B;5;VT Verhuis & Transport;Helmond;;;NIE ZNALEZIONO STRONY W DANYCH;;;;;;NIEUSTALONE (wymaga zdjęć lub wizji lokalnej);"rejestr firm (KvK via Oozo): zalozona październik 2026; brak znalezionej strony";;;2026;;Do sprawdzenia;strony nie ma w danych mapy (do sprawdzenia);"jeśli faktycznie brak: strona WWW; oklejenie aut, odzież robocza, tablice (do sprawdzenia na zdjęciach)";nie kontaktowano;nowo założona lub otwarta firma (runda 2, lokalne media / rejestr Oozo) | dowód: https://www.oozo.nl/bedrijven/helmond/helmond-noord/bloemvelden/4246026/vt-verhuis-transport;2026-10-10
Transport i logistyka;B;5;Zajel Transport B.V.;Eindhoven;;;NIE ZNALEZIONO STRONY W DANYCH;;;;;;NIEUSTALONE (wymaga zdjęć lub wizji lokalnej);"rejestr firm (KvK via Oozo): zalozona październik 2026; brak znalezionej strony";;;2026;;Do sprawdzenia;strony nie ma w danych mapy (do sprawdzenia);"jeśli faktycznie brak: strona WWW; oklejenie aut, odzież robocza, tablice (do sprawdzenia na zdjęciach)";nie kontaktowano;nowo założona lub otwarta firma (runda 2, lokalne media / rejestr Oozo) | dowód: https://www.oozo.nl/bedrijven/eindhoven/stadsdeel-centrum/binnenstad/4245514/zajel-transport-b-v;2026-10-10
Transport i logistyka;B;4;DM Sneltransport;Son en Breugel;;https://dmsneltransport.nl/;NIEUSTALONE (brak połączenia z mojego środowiska);;;;;;NIEUSTALONE (wymaga zdjęć lub wizji lokalnej);wg strony 12 aut, 15+ osób;4;-33.3%;;;Nieustalone;;oklejenie aut, odzież robocza, tablice (do sprawdzenia na zdjęciach);nie kontaktowano;wyszukiwarka firm (dane LinkedIn/strona);2026-10-10
Transport i logistyka;B;4;EA Logistics & Moving;Eindhoven;;https://www.ealogistics.nl/;NIEUSTALONE (blokada robotów);;;;;;NIEUSTALONE (wymaga zdjęć lub wizji lokalnej);młoda firma (2021);;;2021;;Nieustalone;;oklejenie aut, odzież robocza, tablice (do sprawdzenia na zdjęciach);nie kontaktowano;wyszukiwarka firm (dane LinkedIn/strona);2026-10-10
Transport i logistyka;B;4;Jan Tromp Transport en Logistiek;Eindhoven;;https://tromptransport.nl/;OK;tak;tak;2026;;Facebook, Instagram, LinkedIn;NIEUSTALONE (wymaga zdjęć lub wizji lokalnej);rekrutuje;9;;;;Podstawy online OK;;"oklejenie aut, odzież robocza, tablice (do sprawdzenia na zdjęciach); odzież/oklejenie dla nowych ludzi i aut";nie kontaktowano;wyszukiwarka firm (dane LinkedIn/strona);2026-10-10
Transport i logistyka;B;4;Kusters Logistic Services;Eindhoven;;https://kusters-transport.nl/;OK;tak;tak;;WordPress;Facebook, LinkedIn;NIEUSTALONE (wymaga zdjęć lub wizji lokalnej);rekrutuje;8;-20%;1968;;Podstawy online OK;;"oklejenie aut, odzież robocza, tablice (do sprawdzenia na zdjęciach); odzież/oklejenie dla nowych ludzi i aut";nie kontaktowano;wyszukiwarka firm (dane LinkedIn/strona);2026-10-10
Transport i logistyka;B;4;Schippers Group;Hapert;Smaragdweg 60 5527LB;;NIE ZNALEZIONO STRONY W DANYCH;;;;;;NIEUSTALONE (wymaga zdjęć lub wizji lokalnej);;;;;;Do sprawdzenia;strony nie ma w danych mapy (do sprawdzenia);"jeśli faktycznie brak: strona WWW; oklejenie aut, odzież robocza, tablice (do sprawdzenia na zdjęciach)";nie kontaktowano;OpenStreetMap (office=logistics, node/8078823793);2026-10-10
Transport i logistyka;B;4;Someer Verhuizingen;Helmond;;https://someer.nl/;OK;tak;tak;;WordPress;Facebook;NIEUSTALONE (wymaga zdjęć lub wizji lokalnej);przeprowadzki/magazyn/transport, Achterdijk 7a Helmond, KvK 75098016 (strona OK 2026-10-10);;;;;Podstawy online OK;;oklejenie aut, odzież robocza, tablice (do sprawdzenia na zdjęciach);nie kontaktowano;nowa branża (runda 2, wyszukiwanie + strona) | dowód: https://someer.nl/;2026-10-10
Transport i logistyka;B;4;Van Rooijen Logistiek;Eindhoven;Achtseweg Noord 60 5651GG;https://www.vanrooijen.nl/;OK;tak;tak;2026;;Facebook, Instagram, LinkedIn, YouTube;NIEUSTALONE (wymaga zdjęć lub wizji lokalnej);rekrutuje;;;;;Podstawy online OK;;"oklejenie aut, odzież robocza, tablice (do sprawdzenia na zdjęciach); odzież/oklejenie dla nowych ludzi i aut";nie kontaktowano;OpenStreetMap (office=logistics, node/2737146521) + wyszukiwarka;2026-10-10
Transport i logistyka;C;3;Boekweit Transport;Lieshout;Papenhoef 3 5737BS;https://www.boekweittransport.nl;OK;tak;tak;;WordPress;Facebook;NIEUSTALONE (wymaga zdjęć lub wizji lokalnej);;;;;;Podstawy online OK;;oklejenie aut, odzież robocza, tablice (do sprawdzenia na zdjęciach);nie kontaktowano;OpenStreetMap (office=transport, node/2898997342);2026-10-10
Transport i logistyka;C;3;Hans Vos Verhuizingen;Helmond;;https://hansvos.nl/;NIEUSTALONE (blokada robotów);;;;;;NIEUSTALONE (wymaga zdjęć lub wizji lokalnej);;3;-25%;1996;;Nieustalone;;oklejenie aut, odzież robocza, tablice (do sprawdzenia na zdjęciach);nie kontaktowano;wyszukiwarka firm (dane LinkedIn/strona);2026-10-10
Transport i logistyka;C;0;DHL;Eindhoven;Achtseweg Noord 20 5651GG;;NIE ZNALEZIONO STRONY W DANYCH;;;;;;NIEUSTALONE (wymaga zdjęć lub wizji lokalnej);;;;;tak;Do sprawdzenia;strony nie ma w danych mapy (do sprawdzenia);"jeśli faktycznie brak: strona WWW; oklejenie aut, odzież robocza, tablice (do sprawdzenia na zdjęciach)";nie kontaktowano;OpenStreetMap (office=logistics, node/2737146473);2026-10-10
